Player,Kicks BTN,Kicks OTN,Handballs BTN,Handballs OTN,Disposals BTN,Disposals OTN,Marks BTN,Marks OTN,Goals BTN,Goals OTN,Behinds BTN,Behinds OTN,Tackles BTN,Tackles OTN,Hitouts BTN,Hitouts OTN,Goal Assists BTN,Goal Assists OTN,Inside 50s BTN,Inside 50s OTN,Clearances BTN,Clearances OTN,Clangers BTN,Clangers OTN,Rebound 50s BTN,Rebound 50s OTN,Frees For BTN,Frees For OTN,Frees Agains BTN,Frees Agains OTN,Contested Possessions BTN,Contested Possessions OTN,Uncontested Possessions BTN,Uncontested Possessions OTN,Effective Disposals BTN,Effective Disposals OTN,Contested Marks BTN,Contested Marks OTN,Marks Inside 50 BTN,Marks Inside 50 OTN,One Percenters BTN,One Percenters OTN,Bounces BTN,Bounces OTN,Centre Clearances BTN,Centre Clearances OTN,Stoppage Clearances BTN,Stoppage Clearances OTN,Score Involvements BTN,Score Involvements OTN,Metres Gained BTN,Metres Gained OTN,Turnovers BTN,Turnovers OTN,Intercepts BTN,Intercepts OTN,Tackles Inside 50 BTN,Tackles Inside 50 OTN,Time On Ground % BTN,Time On Ground % OTN,Winloss,HomeAway,Brownlow Votes,Uncontested Marks BTN,Uncontested Marks OTN,Marks Outside 50 BTN,Marks Outside 50 OTN,Tackles Outside 50 BTN,Tackles Outside 50 OTN,Behind Assists BTN,Behind Assists OTN,Ineffective Disposals BTN,Ineffective Disposals OTN
Sebastian Ross,2.4447379715154796,2.436323382665537,0.602856011733381,0.5882946839609166,1.8878296051826016,1.8141871158073923,1.3445686622133404,1.2396607976703276,-0.5930769206805494,-0.6154574548966636,0.443198085734513,0.5298572101062741,0.28885339372596425,0.14322794066468822,-0.23920930687467107,-0.22811096507995654,3.788660832196418,3.438722724509718,2.175420533751243,2.1216807751897284,1.1077765793569068,1.1261453550143614,0.7955246264683333,0.7898644934440116,0.011397572374174896,0.261694048195789,-0.8425259694192127,-0.9021505407004557,-0.19429032903039858,-0.12118298018003476,1.2937600784854244,1.2981852926023782,1.5916904708631119,1.4545376704221846,2.165604612389085,2.0240015317114373,0.9632188556431572,0.9519527504689674,0.490619575938196,0.6774334534964184,0.09649097060305638,0.3120185433673108,1.1890306210734594,0.862609116685522,0.7137432314122827,0.6674238124719147,1.1101372402014589,1.1639753904947558,1.5134148556652864,1.8121213490778656,2.536837471224829,2.4208082410941856,0.7630489510781939,0.6757250707488347,-0.49772870852840134,-0.5320108447908406,-0.7361579325157892,-0.8870839645088235,0.1695139554706174,0.13852713851265103,0.5,Home,0,1.2017751700086927,1.0522443638678929,1.1944082839452717,1.057032698857196,0.5044677642066693,0.39886201760873286,0.5403412366621835,0.8721203974713705,0.4648492987447323,0.5150963524380039
Jack Steven,0.7540743841413169,0.7547825381591272,2.036675715315477,1.9506613205019865,1.619879596705071,1.5583402148601961,-0.3219389754595323,-0.2754801772600727,0.7803643693165123,0.7385489458759963,-0.64017501272763,-0.6358286521275288,0.662663667959565,0.4933406845117038,-0.23920930687467107,-0.22811096507995654,-0.44950213263347333,-0.40798405206047506,1.1886318380290297,1.0486468199213599,0.6646659476141441,0.6989867720778794,-0.0378821250699206,-0.07898644934440108,0.5128907568378708,0.9013906104521621,0.1330304162240862,0.20047789793343454,-0.19429032903039858,-0.12118298018003476,0.42687515279975935,0.44138299948480864,2.176935992183253,1.984921572344086,1.4922010580066132,1.3878867646021282,-0.44950213263347333,-0.4442446168855181,-0.5887434911258351,-0.8129201441957019,-0.5566786765560946,-0.744044218798972,5.738365171267565,4.31304558342761,-0.407853275092733,-0.381385035698237,1.1101372402014589,1.1639753904947558,-0.38916382002821637,-0.2013468165642073,1.613743018939987,1.5195729474139958,-1.4030254906921629,-1.2424622268607604,-0.49772870852840134,-0.5320108447908406,0.9686288585734067,0.6141350523522624,-0.22304467825081284,-0.18568531332546784,0.5,Home,2,-0.2146027089301237,-0.16614384692650944,-0.09790231835616972,-0.06819565799078678,0.5044677642066693,0.39886201760873286,-0.29386979537767843,-0.08721203974713697,1.2223814892917033,1.2233538370402592
Blake Acres,1.5994061778283981,1.5955529604123322,1.0807959129274127,1.0424168961412732,1.619879596705071,1.5583402148601961,0.511314843376904,0.4820903102051274,-0.5930769206805494,-0.6154574548966636,1.5265711841966563,1.695543072340077,-0.45876715474123714,-0.5569975470293429,0.04525581481412695,0.09565943696901402,2.3759398439197876,2.1564871323196537,0.2018431423068164,-0.02438713534700835,0.6646659476141441,0.6989867720778794,-0.8712888766081744,-0.9478373921328137,0.5128907568378708,0.9013906104521621,0.1330304162240862,0.20047789793343454,-0.19429032903039858,-0.12118298018003476,1.2937600784854244,1.2981852926023782,1.3966086304230647,1.2777430364482174,0.9871483922197596,0.9108006892701467,0.9632188556431572,0.9519527504689674,0.490619575938196,0.6774334534964184,-0.2300938529765191,-0.2160128377158306,-0.32741422899124245,-0.2875363722285073,-0.407853275092733,-0.381385035698237,1.1101372402014589,1.1639753904947558,2.2744463259426873,2.6175086153346947,1.0317921685864995,0.9514028709634413,-1.9445441011347522,-1.7220090512631592,1.6216322439151138,1.7333256556088676,0.9686288585734067,0.6141350523522624,0.5620725891920476,0.4627395903507699,0.5,Home,0,0.2575232507161484,0.23998555667162466,0.3328678824109774,0.3068804609585408,-0.7519425164589976,-0.7977240352174657,1.7916577847219763,2.311119053299132,2.3586797751121598,2.2857400639436425
Maverick Weller,0.7540743841413169,0.7547825381591272,1.0807959129274127,1.0424168961412732,1.08397957975001,1.0466464129658033,0.9279417527951223,0.8608755539377274,0.7803643693165123,0.7385489458759963,0.443198085734513,0.5298572101062741,-0.08495688050763645,-0.20688480318232735,-0.23920930687467107,-0.22811096507995654,-0.44950213263347333,-0.40798405206047506,0.6952374901679231,0.5121298422871758,-0.6646659476141441,-0.5824889767315661,-0.0378821250699206,-0.07898644934440108,0.5128907568378708,0.9013906104521621,-0.8425259694192127,-0.9021505407004557,-0.19429032903039858,-0.12118298018003476,-0.15104813099068398,-0.12981852926023768,1.3966086304230647,1.2777430364482174,0.8187975036241416,0.7517719974928194,-0.44950213263347333,-0.4442446168855181,0.490619575938196,0.6774334534964184,0.42307579418263186,0.8400499244504521,-0.32741422899124245,-0.2875363722285073,-0.407853275092733,-0.381385035698237,-0.6769129513423531,-0.5819876952473779,0.3718676502491847,0.6040404496926219,0.6371358447835597,0.5660921294624908,-0.8615068802495737,-0.7629154024583616,-0.49772870852840134,-0.5320108447908406,0.9686288585734067,0.6141350523522624,-0.14453295150652679,-0.12084282295784406,0.5,Home,0,1.2017751700086927,1.0522443638678929,0.7636380831781246,0.6819565799078684,-0.33313908957044197,-0.39886201760873286,0.5403412366621835,0.8721203974713705,1.2223814892917033,1.2233538370402592
Jack Steele,-0.09125740954576443,-0.0859878840940776,1.7977057647184607,1.7236002144118083,0.9500045755112446,0.9187229624922052,-0.7385658848777505,-0.6542654209926727,-0.5930769206805494,-0.6154574548966636,-0.64017501272763,-0.6358286521275288,1.4102842164267664,1.193566172205735,-0.23920930687467107,-0.22811096507995654,-0.44950213263347333,-0.40798405206047506,0.6952374901679231,0.5121298422871758,1.9939978428424323,1.980462520887325,0.7955246264683333,0.7898644934440116,-0.49009561208952096,-0.378002514060584,0.1330304162240862,0.20047789793343454,-0.19429032903039858,-0.12118298018003476,1.2937600784854244,1.2981852926023782,0.22611758778278176,0.21697523260441418,1.3238501694109954,1.228858072824801,-0.44950213263347333,-0.4442446168855181,-0.5887434911258351,-0.8129201441957019,-0.5566786765560946,-0.744044218798972,-0.32741422899124245,-0.2875363722285073,1.8353397379172982,1.7162326606420664,1.7058206373827294,1.7459630857421338,-0.00864808488951583,0.2013468165642073,-0.13879862235442375,-0.19146797247158176,0.7630489510781939,0.6757250707488347,-0.49772870852840134,-0.5320108447908406,0.9686288585734067,0.6141350523522624,-0.6941150387165291,-0.5747402555312104,0.5,Home,0,-0.6867286685763958,-0.5722732505246435,-0.5286725191233169,-0.4432717769401144,1.3420746179837806,1.1965860528261985,0.1232357206422525,0.39245417886211675,-0.2926828918022387,-0.19316113216425163
Jack Sinclair,0.7540743841413169,0.7547825381591272,0.602856011733381,0.5882946839609166,0.8160295712724793,0.790799512018607,-0.3219389754595323,-0.2754801772600727,-0.5930769206805494,-0.6154574548966636,-0.64017501272763,-0.6358286521275288,2.9055253133611694,2.594017147593797,-0.23920930687467107,-0.22811096507995654,-0.44950213263347333,-0.40798405206047506,1.1886318380290297,1.0486468199213599,-0.22155531587138136,-0.15533039379508426,-0.0378821250699206,-0.07898644934440108,-0.49009561208952096,-0.378002514060584,0.1330304162240862,0.20047789793343454,1.2305054171925245,1.2118298018003473,-0.15104813099068398,-0.12981852926023768,1.5916904708631119,1.4545376704221846,0.9871483922197596,0.9108006892701467,-0.44950213263347333,-0.4442446168855181,-0.5887434911258351,-0.8129201441957019,0.7496606177622073,1.3680813055335934,-0.32741422899124245,-0.2875363722285073,-0.407853275092733,-0.381385035698237,-0.08122955416108242,0.0,-0.00864808488951583,0.2013468165642073,0.5970013033798709,0.5269079862590043,-0.8615068802495737,-0.7629154024583616,0.20872494228610375,0.22310132200906216,2.6734156496626027,2.1153540692133483,0.3265374089591895,0.26821211924789856,0.5,Home,0,-0.2146027089301237,-0.16614384692650944,-0.09790231835616972,-0.06819565799078678,2.5984848986494478,2.393172105652397,0.1232357206422525,0.39245417886211675,0.0860832034712468,0.1609676101368761
Jack Billings,0.5427414357195466,0.544589932595826,0.12491611053934917,0.1341724717805599,0.4141045585561835,0.4070291605978125,0.09468793395868587,0.10330506647252737,0.7803643693165123,0.7385489458759963,2.609944282658799,2.8612289345738797,-0.08495688050763645,-0.20688480318232735,-0.23920930687467107,-0.22811096507995654,-0.44950213263347333,-0.40798405206047506,1.6820261858901364,1.5851637975555442,-0.6646659476141441,-0.5824889767315661,0.7955246264683333,0.7898644934440116,-0.9915887965532169,-1.017699076316957,1.108586801867385,1.3031063365673248,1.2305054171925245,1.2118298018003473,0.42687515279975935,0.44138299948480864,0.031035747342734617,0.04018059863044698,-0.022956939353947953,-0.04337146139381662,-0.44950213263347333,-0.4442446168855181,1.5699826430022272,2.167787051188539,-0.5566786765560946,-0.744044218798972,-0.32741422899124245,-0.2875363722285073,-0.407853275092733,-0.381385035698237,-0.6769129513423531,-0.5819876952473779,1.5134148556652864,1.8121213490778656,0.8378085518020036,0.7620128454799233,0.7630489510781939,0.6757250707488347,-0.14450188312114878,-0.15445476139088923,0.9686288585734067,0.6141350523522624,0.9546312229134778,0.7869520421888888,0.5,Home,0,0.2575232507161484,0.23998555667162466,-0.5286725191233169,-0.4432717769401144,-0.33313908957044197,-0.39886201760873286,1.7916577847219763,2.311119053299132,1.2223814892917033,1.2233538370402592
Luke Dunstan,0.3314084872977762,0.33439732703252484,0.12491611053934917,0.1341724717805599,0.2801295543174182,0.27910571012421437,-0.7385658848777505,-0.6542654209926727,0.7803643693165123,0.7385489458759963,-0.64017501272763,-0.6358286521275288,0.662663667959565,0.4933406845117038,-0.23920930687467107,-0.22811096507995654,-0.44950213263347333,-0.40798405206047506,0.6952374901679231,0.5121298422871758,1.9939978428424323,1.980462520887325,-1.7046956281464283,-1.8166883349212264,0.011397572374174896,0.261694048195789,-0.8425259694192127,-0.9021505407004557,-0.19429032903039858,-0.12118298018003476,1.0047984365902027,1.0125845282298551,-0.16404609309731255,-0.1366140353435202,-0.022956939353947953,-0.04337146139381662,-0.44950213263347333,-0.4442446168855181,0.490619575938196,0.6774334534964184,0.09649097060305638,0.3120185433673108,0.4308081960411084,0.2875363722285073,4.078532750927329,3.81385035698237,0.5144538430201883,0.5819876952473779,-0.7696795551669169,-0.6040404496926219,0.3227486037879974,0.2591496743685131,-0.31998826980698447,-0.2833685780559629,-0.14450188312114878,-0.15445476139088923,0.9686288585734067,0.6141350523522624,-0.537091585227957,-0.4450552747959629,0.5,Home,0,-0.6867286685763958,-0.5722732505246435,-0.959442719890464,-0.8183478958894419,0.5044677642066693,0.39886201760873286,-0.7109753113976094,-0.5668782583563907,0.8436153940182178,0.8692250947391316
Tom Hickey,-0.5139233063893051,-0.5063730952206801,0.841825962330397,0.8153557900510949,0.1461545500786529,0.1511822596506162,-0.7385658848777505,-0.6542654209926727,-0.5930769206805494,-0.6154574548966636,-0.64017501272763,-0.6358286521275288,0.662663667959565,0.4933406845117038,3.8855349576129,4.466559864630116,-0.44950213263347333,-0.40798405206047506,0.6952374901679231,0.5121298422871758,2.437108474585195,2.407621103823807,-0.0378821250699206,-0.07898644934440108,0.011397572374174896,0.261694048195789,1.108586801867385,1.3031063365673248,-1.6190860752533216,-1.4541957621604167,1.2937600784854244,1.2981852926023782,-0.35912793353735967,-0.3134086693174874,0.6504466150285237,0.5927433057154923,-0.44950213263347333,-0.4442446168855181,0.490619575938196,0.6774334534964184,0.42307579418263186,0.8400499244504521,-0.32741422899124245,-0.2875363722285073,0.7137432314122827,0.6674238124719147,2.8971874317452704,2.9099384762368894,-0.7696795551669169,-0.6040404496926219,0.12876498700350156,0.06975964888499496,0.22153034063560473,0.1961782463464359,-1.2041823593429064,-1.2871230115907435,-0.7361579325157892,-0.8870839645088235,0.3265374089591895,0.26821211924789856,0.5,Home,0,-0.6867286685763958,-0.5722732505246435,-0.959442719890464,-0.8183478958894419,0.9232711910952249,0.7977240352174657,-0.7109753113976094,-0.5668782583563907,-1.0502150823492098,-0.9014186167665071
Nicholas Coffield,0.5427414357195466,0.544589932595826,-0.35302379065468265,-0.3199497403997968,0.1461545500786529,0.1511822596506162,3.011076299886213,2.754801772600728,-0.5930769206805494,-0.6154574548966636,-0.64017501272763,-0.6358286521275288,-0.8325774289748379,-0.9071102908763585,-0.23920930687467107,-0.22811096507995654,-0.44950213263347333,-0.40798405206047506,0.6952374901679231,0.5121298422871758,-0.6646659476141441,-0.5824889767315661,-1.7046956281464283,-1.8166883349212264,-0.49009561208952096,-0.378002514060584,-0.8425259694192127,-0.9021505407004557,-1.6190860752533216,-1.4541957621604167,-1.3068946985715706,-1.2722215867503304,1.2015267899830175,1.1009484024742502,0.48209572643290577,0.433714613938165,-0.44950213263347333,-0.4442446168855181,-0.5887434911258351,-0.8129201441957019,-0.2300938529765191,-0.2160128377158306,-0.32741422899124245,-0.2875363722285073,-0.407853275092733,-0.381385035698237,-0.6769129513423531,-0.5819876952473779,-0.00864808488951583,0.2013468165642073,0.4899758596367007,0.4224169377163735,-0.8615068802495737,-0.7629154024583616,0.9151785931006088,0.978213488808965,-0.7361579325157892,-0.8870839645088235,0.012490501982045304,0.008842157777403494,0.5,Home,0,3.562404968240053,3.082891381858563,3.3482592877810076,2.932413293603834,-0.7519425164589976,-0.7977240352174657,0.1232357206422525,0.39245417886211675,-0.6714489870757242,-0.5472898744653794
Jake Carlisle,0.5427414357195466,0.544589932595826,-0.8309636918487145,-0.7740719525801535,-0.12179545839887766,-0.10466464129658011,1.7611955716315584,1.6184460414029276,-0.5930769206805494,-0.6154574548966636,0.443198085734513,0.5298572101062741,-1.2063877032084385,-1.2572230347233742,-0.23920930687467107,-0.22811096507995654,-0.44950213263347333,-0.40798405206047506,0.2018431423068164,-0.02438713534700835,-0.6646659476141441,-0.5824889767315661,-0.8712888766081744,-0.9478373921328137,0.011397572374174896,0.261694048195789,-0.8425259694192127,-0.9021505407004557,1.2305054171925245,1.2118298018003473,-0.7289714147811274,-0.701020058005284,-0.16404609309731255,-0.1366140353435202,-0.022956939353947953,-0.04337146139381662,3.788660832196418,3.744347485177938,-0.5887434911258351,-0.8129201441957019,-0.2300938529765191,-0.2160128377158306,-0.32741422899124245,-0.2875363722285073,-0.407853275092733,-0.381385035698237,-0.6769129513423531,-0.5819876952473779,-0.7696795551669169,-0.6040404496926219,0.5769340326780265,0.507315914657261,-0.31998826980698447,-0.2833685780559629,0.5619517676933563,0.6006574054090136,-0.7361579325157892,-0.8870839645088235,0.8761194961691918,0.722109551821265,0.5,Home,0,0.7296492103624205,0.6461149602697588,2.0559486854795663,1.8071849367558512,-1.170745943347553,-1.1965860528261985,-0.7109753113976094,-0.5668782583563907,-0.2926828918022387,-0.19316113216425163
Sam Gilbert,-0.7252562548110754,-0.7165657007839812,0.36388606113636507,0.36123357787073823,-0.25577046263764297,-0.23258809177017828,-1.1551927942959688,-1.0330506647252728,-0.5930769206805494,-0.6154574548966636,-0.64017501272763,-0.6358286521275288,0.28885339372596425,0.14322794066468822,-0.23920930687467107,-0.22811096507995654,0.9632188556431572,0.8742515401295895,0.2018431423068164,-0.02438713534700835,-0.6646659476141441,-0.5824889767315661,0.7955246264683333,0.7898644934440116,1.5158771257652623,2.180783734964908,1.108586801867385,1.3031063365673248,1.2305054171925245,1.2118298018003473,0.7158367946949811,0.7269837638573319,-0.9443734548575011,-0.843792571239389,-0.3596587165451838,-0.36142884494847105,-0.44950213263347333,-0.4442446168855181,-0.5887434911258351,-0.8129201441957019,0.42307579418263186,0.8400499244504521,-0.32741422899124245,-0.2875363722285073,-0.407853275092733,-0.381385035698237,-0.6769129513423531,-0.5819876952473779,-0.7696795551669169,-0.6040404496926219,-0.0852859004828387,-0.1392224482002664,0.22153034063560473,0.1961782463464359,1.9748590693223664,2.110881739008819,-0.7361579325157892,-0.8870839645088235,0.4835608624477616,0.39789709998314615,0.5,Home,0,-1.158854628222668,-0.9784026541227776,-0.959442719890464,-0.8183478958894419,0.5044677642066693,0.39886201760873286,-1.1280808274175405,-1.0465444769656445,0.0860832034712468,0.1609676101368761
Ben Long,-0.7252562548110754,-0.7165657007839812,0.36388606113636507,0.36123357787073823,-0.25577046263764297,-0.23258809177017828,0.09468793395868587,0.10330506647252737,0.7803643693165123,0.7385489458759963,-0.64017501272763,-0.6358286521275288,1.7840944906603673,1.5436789160527506,-0.23920930687467107,-0.22811096507995654,0.9632188556431572,0.8742515401295895,0.2018431423068164,-0.02438713534700835,-0.6646659476141441,-0.5824889767315661,-0.8712888766081744,-0.9478373921328137,-0.9915887965532169,-1.017699076316957,1.108586801867385,1.3031063365673248,-1.6190860752533216,-1.4541957621604167,0.7158367946949811,0.7269837638573319,-0.5542097739774069,-0.4902033032914546,0.31374483783728785,0.2746859221608378,-0.44950213263347333,-0.4442446168855181,0.490619575938196,0.6774334534964184,-0.2300938529765191,-0.2160128377158306,-0.32741422899124245,-0.2875363722285073,-0.407853275092733,-0.381385035698237,-0.6769129513423531,-0.5819876952473779,-0.00864808488951583,0.2013468165642073,-0.2926476977352308,-0.3416738547516134,0.7630489510781939,0.6757250707488347,-0.49772870852840134,-0.5320108447908406,0.9686288585734067,0.6141350523522624,0.7976077694249057,0.6572670614536412,0.5,Home,0,0.2575232507161484,0.23998555667162466,-0.09790231835616972,-0.06819565799078678,1.7608780448723362,1.5954480704349314,-0.29386979537767843,-0.08721203974713697,-1.4289811776226953,-1.255547359067635
Jarryn Geary,-0.30259035796753475,-0.2961804896573788,-0.35302379065468265,-0.3199497403997968,-0.38974546687640826,-0.36051154224377646,-0.3219389754595323,-0.2754801772600727,-0.5930769206805494,-0.6154574548966636,-0.64017501272763,-0.6358286521275288,-0.45876715474123714,-0.5569975470293429,-0.23920930687467107,-0.22811096507995654,-0.44950213263347333,-0.40798405206047506,-0.29155120555429026,-0.5609041129811925,-0.6646659476141441,-0.5824889767315661,-0.0378821250699206,-0.07898644934440108,-0.49009561208952096,-0.378002514060584,-0.8425259694192127,-0.9021505407004557,1.2305054171925245,1.2118298018003473,-0.7289714147811274,-0.701020058005284,0.031035747342734617,0.04018059863044698,-0.022956939353947953,-0.04337146139381662,-0.44950213263347333,-0.4442446168855181,-0.5887434911258351,-0.8129201441957019,1.0762454413417828,1.8961126866167348,-0.32741422899124245,-0.2875363722285073,-0.407853275092733,-0.381385035698237,-0.6769129513423531,-0.5819876952473779,-0.38916382002821637,-0.2013468165642073,-1.1220948867447993,-1.1514794809570013,0.22153034063560473,0.1961782463464359,0.20872494228610375,0.22310132200906216,-0.7361579325157892,-0.8870839645088235,0.4050491357034755,0.33305460961552236,0.5,Home,0,-0.2146027089301237,-0.16614384692650944,-0.09790231835616972,-0.06819565799078678,-0.33313908957044197,-0.39886201760873286,-0.29386979537767843,-0.08721203974713697,-1.0502150823492098,-0.9014186167665071
Shane Savage,0.1200755388760059,0.12420472146922361,-0.8309636918487145,-0.7740719525801535,-0.38974546687640826,-0.36051154224377646,-0.7385658848777505,-0.6542654209926727,-0.5930769206805494,-0.6154574548966636,-0.64017501272763,-0.6358286521275288,-0.45876715474123714,-0.5569975470293429,-0.23920930687467107,-0.22811096507995654,-0.44950213263347333,-0.40798405206047506,0.2018431423068164,-0.02438713534700835,-0.6646659476141441,-0.5824889767315661,0.7955246264683333,0.7898644934440116,0.5128907568378708,0.9013906104521621,0.1330304162240862,0.20047789793343454,-0.19429032903039858,-0.12118298018003476,-0.44000977288590565,-0.41541929363276087,-0.16404609309731255,-0.1366140353435202,-0.6963604937364196,-0.6794862285031255,-0.44950213263347333,-0.4442446168855181,-0.5887434911258351,-0.8129201441957019,-0.5566786765560946,-0.744044218798972,-0.32741422899124245,-0.2875363722285073,-0.407853275092733,-0.381385035698237,-0.6769129513423531,-0.5819876952473779,-0.7696795551669169,-0.6040404496926219,0.4364631377651157,0.37017141344505816,0.22153034063560473,0.1961782463464359,0.9151785931006088,0.978213488808965,-0.7361579325157892,-0.8870839645088235,0.4050491357034755,0.33305460961552236,0.5,Home,0,-0.6867286685763958,-0.5722732505246435,-0.5286725191233169,-0.4432717769401144,-0.33313908957044197,-0.39886201760873286,-0.7109753113976094,-0.5668782583563907,0.4648492987447323,0.5150963524380039
Brandon White,0.3314084872977762,0.33439732703252484,-1.0699336424457304,-1.0011330586703318,-0.38974546687640826,-0.36051154224377646,0.9279417527951223,0.8608755539377274,-0.5930769206805494,-0.6154574548966636,-0.64017501272763,-0.6358286521275288,1.4102842164267664,1.193566172205735,-0.23920930687467107,-0.22811096507995654,-0.44950213263347333,-0.40798405206047506,-1.2783399012765035,-1.6339380682495608,-0.6646659476141441,-0.5824889767315661,0.7955246264683333,0.7898644934440116,1.5158771257652623,2.180783734964908,2.084143187510684,2.405734775201215,-0.19429032903039858,-0.12118298018003476,0.13791351090453768,0.15578223511228548,-0.5542097739774069,-0.4902033032914546,0.14539394924166996,0.1156572303835106,-0.44950213263347333,-0.4442446168855181,-0.5887434911258351,-0.8129201441957019,0.42307579418263186,0.8400499244504521,-0.32741422899124245,-0.2875363722285073,-0.407853275092733,-0.381385035698237,-0.6769129513423531,-0.5819876952473779,-0.7696795551669169,-0.6040404496926219,0.028428633494279563,-0.028200709123721315,1.304567561520783,1.1552718951512335,1.6216322439151138,1.7333256556088676,0.9686288585734067,0.6141350523522624,0.24802568221490343,0.20336962888027482,0.5,Home,0,1.2017751700086927,1.0522443638678929,1.1944082839452717,1.057032698857196,1.3420746179837806,1.1965860528261985,-0.7109753113976094,-0.5668782583563907,-1.4289811776226953,-1.255547359067635
Jade Gresham,-1.147922151654616,-1.1369509119105836,0.36388606113636507,0.36123357787073823,-0.5237204711151735,-0.4884349927173746,-1.1551927942959688,-1.0330506647252728,0.7803643693165123,0.7385489458759963,0.443198085734513,0.5298572101062741,0.28885339372596425,0.14322794066468822,-0.23920930687467107,-0.22811096507995654,-0.44950213263347333,-0.40798405206047506,-0.784945553415397,-1.0974210906153767,-0.6646659476141441,-0.5824889767315661,-0.8712888766081744,-0.9478373921328137,-0.49009561208952096,-0.378002514060584,-0.8425259694192127,-0.9021505407004557,-1.6190860752533216,-1.4541957621604167,0.42687515279975935,0.44138299948480864,-0.9443734548575011,-0.843792571239389,-1.0330622709276553,-0.99754361205778,0.9632188556431572,0.9519527504689674,0.490619575938196,0.6774334534964184,-0.88326350013567,-1.2720755998821134,-0.32741422899124245,-0.2875363722285073,-0.407853275092733,-0.381385035698237,-0.6769129513423531,-0.5819876952473779,-0.00864808488951583,0.2013468165642073,-1.6438439249927537,-1.6608733426023259,-2.4860627115773415,-2.2015558756655578,-0.14450188312114878,-0.15445476139088923,2.6734156496626027,2.1153540692133483,0.6405843159363337,0.5275820807183936,0.5,Home,0,-1.63098058786894,-1.3845320577209117,-1.3902129206576113,-1.1934240148387696,-0.33313908957044197,-0.39886201760873286,0.1232357206422525,0.39245417886211675,0.8436153940182178,0.8692250947391316
Patrick McCartin,-0.7252562548110754,-0.7165657007839812,-0.8309636918487145,-0.7740719525801535,-0.9256454838314694,-0.8722053441381691,0.09468793395868587,0.10330506647252737,3.527246949310636,3.4465617474213164,0.443198085734513,0.5298572101062741,-0.8325774289748379,-0.9071102908763585,-0.23920930687467107,-0.22811096507995654,-0.44950213263347333,-0.40798405206047506,-0.29155120555429026,-0.5609041129811925,-0.6646659476141441,-0.5824889767315661,-0.0378821250699206,-0.07898644934440108,-0.9915887965532169,-1.017699076316957,0.1330304162240862,0.20047789793343454,-1.6190860752533216,-1.4541957621604167,-0.15104813099068398,-0.12981852926023768,-1.3345371357375955,-1.1973818391873234,-0.8647113823320375,-0.8385149202804527,0.9632188556431572,0.9519527504689674,1.5699826430022272,2.167787051188539,-0.2300938529765191,-0.2160128377158306,-0.32741422899124245,-0.2875363722285073,-0.407853275092733,-0.381385035698237,-0.6769129513423531,-0.5819876952473779,-0.00864808488951583,0.2013468165642073,-0.35953860007471217,-0.40698076009075757,0.22153034063560473,0.1961782463464359,-1.2041823593429064,-1.2871230115907435,0.9686288585734067,0.6141350523522624,0.3265374089591895,0.26821211924789856,0.5,Home,0,-0.2146027089301237,-0.16614384692650944,-0.5286725191233169,-0.4432717769401144,-1.170745943347553,-1.1965860528261985,0.1232357206422525,0.39245417886211675,-0.6714489870757242,-0.5472898744653794
Hunter Clark,-0.5139233063893051,-0.5063730952206801,-1.0699336424457304,-1.0011330586703318,-0.9256454838314694,-0.8722053441381691,-1.1551927942959688,-1.0330506647252728,0.7803643693165123,0.7385489458759963,-0.64017501272763,-0.6358286521275288,0.28885339372596425,0.14322794066468822,-0.23920930687467107,-0.22811096507995654,-0.44950213263347333,-0.40798405206047506,-0.29155120555429026,-0.5609041129811925,-0.6646659476141441,-0.5824889767315661,-0.8712888766081744,-0.9478373921328137,-0.9915887965532169,-1.017699076316957,0.1330304162240862,0.20047789793343454,-0.19429032903039858,-0.12118298018003476,-0.7289714147811274,-0.701020058005284,-0.749291614417454,-0.6669979372654218,-0.8647113823320375,-0.8385149202804527,-0.44950213263347333,-0.4442446168855181,-0.5887434911258351,-0.8129201441957019,-0.88326350013567,-1.2720755998821134,-0.32741422899124245,-0.2875363722285073,-0.407853275092733,-0.381385035698237,-0.6769129513423531,-0.5819876952473779,-0.7696795551669169,-0.6040404496926219,-0.7675731043455483,-0.8053528826595371,-0.8615068802495737,-0.7629154024583616,0.20872494228610375,0.22310132200906216,-0.7361579325157892,-0.8870839645088235,-1.0081619456936732,-0.8341102170017055,0.5,Home,0,-1.158854628222668,-0.9784026541227776,-0.959442719890464,-0.8183478958894419,0.5044677642066693,0.39886201760873286,-0.7109753113976094,-0.5668782583563907,-0.6714489870757242,-0.5472898744653794
Tim Membrey,-0.7252562548110754,-0.7165657007839812,-1.7868434942367781,-1.6823163769408669,-1.4615455007865306,-1.3838991460325618,0.511314843376904,0.4820903102051274,-0.5930769206805494,-0.6154574548966636,1.5265711841966563,1.695543072340077,-1.2063877032084385,-1.2572230347233742,-0.23920930687467107,-0.22811096507995654,-0.44950213263347333,-0.40798405206047506,-1.2783399012765035,-1.6339380682495608,-0.6646659476141441,-0.5824889767315661,1.6289313780065873,1.6587154362324241,-0.9915887965532169,-1.017699076316957,-0.8425259694192127,-0.9021505407004557,1.2305054171925245,1.2118298018003473,-1.5958563404667923,-1.5578223511228535,-1.1394552952975483,-1.0205872052133562,-1.706465825310127,-1.633658379167089,-0.44950213263347333,-0.4442446168855181,0.490619575938196,0.6774334534964184,-0.88326350013567,-1.2720755998821134,-0.32741422899124245,-0.2875363722285073,-0.407853275092733,-0.381385035698237,-0.6769129513423531,-0.5819876952473779,-0.7696795551669169,-0.6040404496926219,-0.6271022094326375,-0.6682083814473343,1.8460861719633723,1.6348187195536321,-0.8509555339356538,-0.909566928190792,-0.7361579325157892,-0.8870839645088235,0.6405843159363337,0.5275820807183936,0.5,Home,0,0.7296492103624205,0.6461149602697588,0.3328678824109774,0.3068804609585408,-1.170745943347553,-1.1965860528261985,-0.7109753113976094,-0.5668782583563907,-0.2926828918022387,-0.19316113216425163
Nathan Brown,-1.9932539453416973,-1.9777213341637885,-0.8309636918487145,-0.7740719525801535,-1.7294955092640611,-1.639746046979758,-1.1551927942959688,-1.0330506647252728,-0.5930769206805494,-0.6154574548966636,-0.64017501272763,-0.6358286521275288,-0.8325774289748379,-0.9071102908763585,-0.23920930687467107,-0.22811096507995654,-0.44950213263347333,-0.40798405206047506,-1.2783399012765035,-1.6339380682495608,-0.6646659476141441,-0.5824889767315661,0.7955246264683333,0.7898644934440116,-0.9915887965532169,-1.017699076316957,-0.8425259694192127,-0.9021505407004557,-0.19429032903039858,-0.12118298018003476,-1.884817982362014,-1.8434231154953769,-1.3345371357375955,-1.1973818391873234,-1.3697640481188913,-1.3156009956124344,-0.44950213263347333,-0.4442446168855181,-0.5887434911258351,-0.8129201441957019,1.0762454413417828,1.8961126866167348,-0.32741422899124245,-0.2875363722285073,-0.407853275092733,-0.381385035698237,-0.6769129513423531,-0.5819876952473779,-1.530711025444318,-1.409427715949451,-1.7374911882680275,-1.7523030100771277,1.8460861719633723,1.6348187195536321,-0.8509555339356538,-0.909566928190792,-0.7361579325157892,-0.8870839645088235,0.4050491357034755,0.33305460961552236,0.5,Home,0,-1.158854628222668,-0.9784026541227776,-0.959442719890464,-0.8183478958894419,-0.7519425164589976,-0.7977240352174657,-1.5451863434374713,-1.5262106955748982,-1.8077472728961808,-1.6096761013687626
Jack Newnes,-1.3592551000763864,-1.3471435174738848,-1.7868434942367781,-1.6823163769408669,-1.8634705135028264,-1.7676694974533562,-1.1551927942959688,-1.0330506647252728,-0.5930769206805494,-0.6154574548966636,-0.64017501272763,-0.6358286521275288,-1.2063877032084385,-1.2572230347233742,-0.23920930687467107,-0.22811096507995654,-0.44950213263347333,-0.40798405206047506,-0.29155120555429026,-0.5609041129811925,-0.6646659476141441,-0.5824889767315661,1.6289313780065873,1.6587154362324241,-0.9915887965532169,-1.017699076316957,-0.8425259694192127,-0.9021505407004557,1.2305054171925245,1.2118298018003473,-1.5958563404667923,-1.5578223511228535,-1.5296189761776426,-1.3741764731612907,-1.874816713905745,-1.792687070944416,-0.44950213263347333,-0.4442446168855181,-0.5887434911258351,-0.8129201441957019,-0.88326350013567,-1.2720755998821134,-0.32741422899124245,-0.2875363722285073,-0.407853275092733,-0.381385035698237,-0.6769129513423531,-0.5819876952473779,-1.530711025444318,-1.409427715949451,-1.2023639695521768,-1.2298477673639743,0.7630489510781939,0.6757250707488347,-1.2041823593429064,-1.2871230115907435,-0.7361579325157892,-0.8870839645088235,-4.933748282907976,-4.0762347353828945,0.5,Home,0,-1.158854628222668,-0.9784026541227776,-0.959442719890464,-0.8183478958894419,-1.170745943347553,-1.1965860528261985,-1.5451863434374713,-1.5262106955748982,-1.0502150823492098,-0.9014186167665071
Brett Deledio,1.8107391262501684,1.7736901473104127,0.841825962330397,0.8517361947543063,1.619879596705071,1.6490677549547972,1.7611955716315584,1.9042700679248676,2.153805659313574,2.167038752559146,-0.64017501272763,-0.6349906819349402,1.0364739421931657,1.2577073087916182,-0.23920930687467107,-0.24644016182848597,-0.44950213263347333,-0.4922862349938195,-0.784945553415397,-0.5354294755181866,-0.22155531587138136,-0.2872134789517764,0.7955246264683333,0.7859052479933757,1.5158771257652623,1.1360595910114677,-0.8425259694192127,-0.7898644934440117,1.2305054171925245,1.2312768903657145,1.8716833622758677,1.830926211912229,1.2015267899830175,1.3045034943384712,1.6605519466022312,1.749635530559413,2.3759398439197876,2.348150117823453,0.490619575938196,0.39753908853281206,0.09649097060305638,0.0,0.4308081960411084,0.8756517691778976,-0.407853275092733,-0.42896242530321405,-0.08122955416108242,-0.1635938772371959,-0.38916382002821637,-0.5680207108113982,0.6170685740817152,0.6772189875533939,-0.31998826980698447,-0.36407962078323547,0.9151785931006088,0.8452365519778452,0.9686288585734067,1.5954480704349314,0.3265374089591895,0.4305292505832782,0.5,Away,3,1.2017751700086927,1.415562359591809,1.6251784847124189,1.8820582581781042,0.9232711910952249,1.0463567589762102,-0.29386979537767843,-0.46889458132178713,0.8436153940182178,0.8038369524685004
Callan Ward,1.1767402809848575,1.151011691339736,1.5587358141214447,1.5914018375672565,1.619879596705071,1.6490677549547972,0.9279417527951223,0.9935322093521047,-0.5930769206805494,-0.5572385363723518,0.443198085734513,0.3628518182485373,1.0364739421931657,1.2577073087916182,-0.23920930687467107,-0.24644016182848597,-0.44950213263347333,-0.4922862349938195,0.2018431423068164,0.4069264013938219,2.880219106327958,2.8721347895177636,-0.0378821250699206,-0.0,1.0143839413015665,0.7051404358002213,0.1330304162240862,0.07898644934440119,-0.19429032903039858,-0.27361708674793644,1.0047984365902027,0.973896921229909,1.3966086304230647,1.5186757098268768,1.8289028351978491,1.9245990836153544,-0.44950213263347333,-0.4442446168855182,0.490619575938196,0.39753908853281206,-0.88326350013567,-0.7637626158259733,-0.32741422899124245,-0.5003724395302271,0.7137432314122827,0.7506842442806245,3.492870828926541,3.435471421981114,1.132899120526586,0.9021505407004555,0.904699454141485,0.9660599083043006,-1.4030254906921629,-1.5963491065111095,-0.49772870852840134,-0.4596900545844422,-0.7361579325157892,-0.5982930264130992,0.012490501982045304,0.01871866306883869,0.5,Away,0,1.2017751700086927,1.415562359591809,0.7636380831781246,0.8721733391557067,1.3420746179837806,1.4806935268531276,1.3745522687020453,1.059354424467741,0.4648492987447323,0.4019184762342502
Stephen Coniglio,0.9654073325630872,0.943452206016177,1.7977057647184607,1.83795705183824,1.619879596705071,1.6490677549547972,-1.1551927942959688,-1.2833124370798021,-0.5930769206805494,-0.5572385363723518,2.609944282658799,2.3585368186154927,2.157904764893968,2.460731691114036,-0.23920930687467107,-0.24644016182848597,-0.44950213263347333,-0.4922862349938195,2.175420533751243,2.291638155217839,2.437108474585195,2.4207993225935436,-0.0378821250699206,-0.0,-0.9915887965532169,-1.0185361850447643,0.1330304162240862,0.07898644934440119,-0.19429032903039858,-0.27361708674793644,2.1606450041710894,2.116602642139669,1.0064449495429704,1.0903312788500654,0.9871483922197596,1.0497813183356477,-0.44950213263347333,-0.4442446168855182,-0.5887434911258351,-0.4770469062393744,0.09649097060305638,0.0,0.4308081960411084,0.8756517691778976,2.956936244422314,3.1099775834483014,1.7058206373827294,1.6359387723719592,1.5134148556652864,1.269693353578419,1.0451703490543958,1.107121753322185,-0.31998826980698447,-0.36407962078323547,-0.49772870852840134,-0.4596900545844422,0.9686288585734067,1.5954480704349314,0.1695139554706174,0.22462395682605843,0.5,Away,0,-1.158854628222668,-1.415562359591809,-0.959442719890464,-1.147596498889088,2.179681471760892,2.3493670626069627,1.7916577847219763,1.441416675915123,2.3586797751121598,2.411510857405501
Dylan Shiel,0.7540743841413169,0.735892720692618,0.602856011733381,0.6051809804833228,0.8160295712724793,0.8245338774773986,0.09468793395868587,0.082794350779342,0.7803643693165123,0.804900108093397,0.443198085734513,0.3628518182485373,-0.45876715474123714,-0.3463252009716051,-0.23920930687467107,-0.24644016182848597,-0.44950213263347333,-0.4922862349938195,0.6952374901679231,0.8781043398498262,0.6646659476141441,0.6154574548966636,-1.7046956281464283,-1.5718104959867514,0.5128907568378708,0.27422128058897494,0.1330304162240862,0.07898644934440119,-0.19429032903039858,-0.27361708674793644,1.0047984365902027,0.973896921229909,0.22611758778278176,0.23364241689644275,0.48209572643290577,0.5248906591678238,-0.44950213263347333,-0.4442446168855182,-0.5887434911258351,-0.4770469062393744,-0.88326350013567,-0.7637626158259733,0.4308081960411084,0.8756517691778976,-0.407853275092733,-0.42896242530321405,1.1101372402014589,1.036094555835574,1.132899120526586,0.9021505407004555,0.7709176494625223,0.8317152940015533,-0.8615068802495737,-0.9802143636471725,-0.8509555339356538,-0.785921706225014,-0.7361579325157892,-0.5982930264130992,-1.2436971259265315,-1.6285236869889193,0.5,Away,1,0.2575232507161484,0.2831124719183618,0.3328678824109774,0.36723087964450807,-0.33313908957044197,-0.2566535446545421,1.3745522687020453,1.059354424467741,1.2223814892917033,1.2057554287027505
Matthew De Boer,-0.30259035796753475,-0.30190470592517676,1.5587358141214447,1.5914018375672565,0.682054567033714,0.6871115645644988,-0.7385658848777505,-0.8279435077934207,-0.5930769206805494,-0.5572385363723518,-0.64017501272763,-0.6349906819349402,-0.08495688050763645,0.05468292646920075,-0.23920930687467107,-0.24644016182848597,2.3759398439197876,2.602084384967332,0.2018431423068164,0.4069264013938219,-0.22155531587138136,-0.2872134789517764,-0.0378821250699206,-0.0,0.5128907568378708,0.27422128058897494,0.1330304162240862,0.07898644934440119,-0.19429032903039858,-0.27361708674793644,0.7158367946949811,0.6882204910024691,0.616281268662876,0.6619868478732541,0.6504466150285237,0.6998542122237652,-0.44950213263347333,-0.4442446168855182,-0.5887434911258351,-0.4770469062393744,-0.2300938529765191,-0.2545875386086578,-0.32741422899124245,-0.5003724395302271,-0.407853275092733,-0.42896242530321405,-0.08122955416108242,-0.1635938772371959,1.132899120526586,0.9021505407004555,-0.23244588562969762,-0.17586931326905095,-0.31998826980698447,-0.36407962078323547,0.5619517676933563,0.5190049003372733,-0.7361579325157892,-0.5982930264130992,0.4050491357034755,0.5334818974618881,0.5,Away,0,-0.6867286685763958,-0.8493374157550854,-0.5286725191233169,-0.6426540393778893,0.08566433731811367,0.17768322322237534,0.5403412366621835,0.29522992157297695,0.4648492987447323,0.4019184762342502
Lachie Whitfield,0.9654073325630872,0.943452206016177,0.12491611053934917,0.112070551941356,0.682054567033714,0.6871115645644988,-0.3219389754595323,-0.3725745785070394,-0.5930769206805494,-0.5572385363723518,0.443198085734513,0.3628518182485373,-0.8325774289748379,-0.7473333284124108,-0.23920930687467107,-0.24644016182848597,0.9632188556431572,1.0548990749867562,1.1886318380290297,1.3492822783058305,-0.22155531587138136,-0.2872134789517764,-0.8712888766081744,-0.7859052479933757,0.011397572374174896,-0.15669787462227147,0.1330304162240862,0.07898644934440119,-1.6190860752533216,-1.7785110638615873,-0.15104813099068398,-0.16880879967985088,1.2015267899830175,1.3045034943384712,0.9871483922197596,1.0497813183356477,-0.44950213263347333,-0.4442446168855182,-0.5887434911258351,-0.4770469062393744,0.7496606177622073,0.5091750772173156,0.4308081960411084,0.8756517691778976,-0.407853275092733,-0.42896242530321405,-0.08122955416108242,-0.1635938772371959,1.5134148556652864,1.269693353578419,1.714079372449209,1.7788448248359212,0.22153034063560473,0.2520551220807016,0.20872494228610375,0.1927732486967015,0.9686288585734067,1.5954480704349314,0.1695139554706174,0.22462395682605843,0.5,Away,0,-0.2146027089301237,-0.2831124719183618,-0.09790231835616972,-0.13771157986669066,-1.170745943347553,-1.125327080408377,1.3745522687020453,1.059354424467741,-0.2926828918022387,-0.4019184762342502
Jacob Hopper,-0.30259035796753475,-0.30190470592517676,1.3197658635244287,1.344846623296273,0.5480795627949487,0.5496892516515991,0.511314843376904,0.5381632800657233,-0.5930769206805494,-0.5572385363723518,1.5265711841966563,1.360694318432015,0.28885339372596425,0.4556910539100066,-0.23920930687467107,-0.24644016182848597,-0.44950213263347333,-0.4922862349938195,-0.784945553415397,-0.5354294755181866,-0.22155531587138136,-0.2872134789517764,0.7955246264683333,0.7859052479933757,-0.49009561208952096,-0.5876170298335179,0.1330304162240862,0.07898644934440119,1.2305054171925245,1.2312768903657145,-0.44000977288590565,-0.45448522990729084,1.2015267899830175,1.3045034943384712,0.14539394924166996,0.1749635530559413,-0.44950213263347333,-0.4442446168855182,1.5699826430022272,1.2721250833049986,-0.88326350013567,-0.7637626158259733,-0.32741422899124245,-0.5003724395302271,-0.407853275092733,-0.42896242530321405,-0.08122955416108242,-0.1635938772371959,1.5134148556652864,1.269693353578419,-0.4197404121802453,-0.3639517732928971,-0.8615068802495737,-0.9802143636471725,-0.8509555339356538,-0.785921706225014,-0.7361579325157892,-0.5982930264130992,-0.537091585227957,-0.7019498650814304,0.5,Away,0,0.7296492103624205,0.8493374157550854,-0.09790231835616972,-0.13771157986669066,0.5044677642066693,0.6120199910992928,1.7916577847219763,1.441416675915123,1.2223814892917033,1.2057554287027505
Phil Davis,0.1200755388760059,0.11321426472194114,0.602856011733381,0.6051809804833228,0.4141045585561835,0.4122669387386993,1.7611955716315584,1.9042700679248676,-0.5930769206805494,-0.5572385363723518,-0.64017501272763,-0.6349906819349402,-0.8325774289748379,-0.7473333284124108,-0.23920930687467107,-0.24644016182848597,-0.44950213263347333,-0.4922862349938195,-1.2783399012765035,-1.006607413974191,-0.6646659476141441,-0.7385489458759964,-0.8712888766081744,-0.7859052479933757,2.518863494692654,1.9978979014339608,4.035255958797282,3.5543902204980524,-1.6190860752533216,-1.7785110638615873,1.582721720380646,1.545249781684789,0.031035747342734617,0.01947020140803705,0.6504466150285237,0.6998542122237652,2.3759398439197876,2.348150117823453,-0.5887434911258351,-0.4770469062393744,4.995263324296689,3.8188130791298667,-0.32741422899124245,-0.5003724395302271,-0.407853275092733,-0.42896242530321405,-0.6769129513423531,-0.7634380937735809,-1.1501952903056174,-1.303106336567325,-0.39967314147840094,-0.343800081147485,0.7630489510781939,0.8681898649446386,3.740993196358629,3.4550897651024197,-0.7361579325157892,-0.5982930264130992,1.1116546764020498,1.460055719369377,0.5,Away,0,1.2017751700086927,1.415562359591809,2.0559486854795663,2.3870007176893027,-0.7519425164589976,-0.6909903125314595,-1.1280808274175405,-1.2330190842165512,-0.2926828918022387,-0.4019184762342502
Jeremy Cameron,0.7540743841413169,0.735892720692618,-0.35302379065468265,-0.38103987660061084,0.2801295543174182,0.27484462582579955,1.3445686622133404,1.4489011386384862,2.153805659313574,2.167038752559146,2.609944282658799,2.3585368186154927,-0.8325774289748379,-0.7473333284124108,-0.23920930687467107,-0.24644016182848597,2.3759398439197876,2.602084384967332,-0.29155120555429026,-0.06425153706218234,-0.6646659476141441,-0.7385489458759964,-1.7046956281464283,-1.5718104959867514,-0.9915887965532169,-1.0185361850447643,1.108586801867385,0.9478373921328139,-0.19429032903039858,-0.27361708674793644,0.42687515279975935,0.4025440607750291,0.031035747342734617,0.01947020140803705,-0.022956939353947953,0.0,2.3759398439197876,2.348150117823453,4.808071844194321,3.8958830676215586,0.42307579418263186,0.2545875386086578,-0.32741422899124245,-0.5003724395302271,-0.407853275092733,-0.42896242530321405,-0.6769129513423531,-0.7634380937735809,1.132899120526586,0.9021505407004555,0.34950496472378995,0.4085297589478995,-0.31998826980698447,-0.36407962078323547,-0.14450188312114878,-0.13345840294387032,-0.7361579325157892,-0.5982930264130992,0.8761194961691918,1.1511977787335472,0.5,Away,0,0.7296492103624205,0.8493374157550854,-0.5286725191233169,-0.6426540393778893,-0.7519425164589976,-0.6909903125314595,0.5403412366621835,0.29522992157297695,0.8436153940182178,0.8038369524685004
Tim Taranto,0.7540743841413169,0.735892720692618,-0.35302379065468265,-0.38103987660061084,0.2801295543174182,0.27484462582579955,0.9279417527951223,0.9935322093521047,-0.5930769206805494,-0.5572385363723518,-0.64017501272763,-0.6349906819349402,1.4102842164267664,1.6587154362324241,-0.23920930687467107,-0.24644016182848597,0.9632188556431572,1.0548990749867562,1.1886318380290297,1.3492822783058305,0.6646659476141441,0.6154574548966636,-0.0378821250699206,-0.0,0.011397572374174896,-0.15669787462227147,0.1330304162240862,0.07898644934440119,-0.19429032903039858,-0.27361708674793644,-0.44000977288590565,-0.45448522990729084,0.616281268662876,0.6619868478732541,0.14539394924166996,0.1749635530559413,-0.44950213263347333,-0.4442446168855182,-0.5887434911258351,-0.4770469062393744,0.09649097060305638,0.0,-0.32741422899124245,-0.5003724395302271,1.8353397379172982,1.9303309138644629,-0.08122955416108242,-0.1635938772371959,0.3718676502491847,0.1670649149445287,0.33612678425589365,0.3950952975176248,-0.8615068802495737,-0.9802143636471725,-0.49772870852840134,-0.4596900545844422,0.9686288585734067,1.5954480704349314,-0.06602122476224075,-0.08423398380977118,0.5,Away,0,1.2017751700086927,1.415562359591809,1.1944082839452717,1.3771157986669054,1.3420746179837806,1.4806935268531276,0.1232357206422525,-0.0868323298744051,0.4648492987447323,0.4019184762342502
Heath Shaw,1.3880732294066278,1.3585711766632949,-1.3089035930427464,-1.3672607336845444,0.1461545500786529,0.13742231291289977,0.511314843376904,0.5381632800657233,-0.5930769206805494,-0.5572385363723518,-0.64017501272763,-0.6349906819349402,-0.08495688050763645,0.05468292646920075,-0.23920930687467107,-0.24644016182848597,-0.44950213263347333,-0.4922862349938195,-0.784945553415397,-0.5354294755181866,-0.6646659476141441,-0.7385489458759964,-0.0378821250699206,-0.0,1.5158771257652623,1.1360595910114677,-0.8425259694192127,-0.7898644934440117,1.2305054171925245,1.2312768903657145,-0.44000977288590565,-0.45448522990729084,0.4211994282228289,0.4478146323848484,-0.3596587165451838,-0.3499271061118826,-0.44950213263347333,-0.4442446168855182,-0.5887434911258351,-0.4770469062393744,0.42307579418263186,0.2545875386086578,1.9472530461058104,3.6277001865941467,-0.407853275092733,-0.42896242530321405,-0.6769129513423531,-0.7634380937735809,-0.38916382002821637,-0.5680207108113982,1.2859775974765286,1.3489420590671302,-0.31998826980698447,-0.36407962078323547,0.20872494228610375,0.1927732486967015,-0.7361579325157892,-0.5982930264130992,0.9546312229134778,1.2541504256121572,0.5,Away,0,0.7296492103624205,0.8493374157550854,0.7636380831781246,0.8721733391557067,0.08566433731811367,0.17768322322237534,-0.29386979537767843,-0.46889458132178713,1.2223814892917033,1.2057554287027505
Adam Tomlinson,0.3314084872977762,0.3207737500455001,-0.11405384005766675,-0.1344846623296274,0.1461545500786529,0.13742231291289977,0.09468793395868587,0.082794350779342,-0.5930769206805494,-0.5572385363723518,-0.64017501272763,-0.6349906819349402,-0.08495688050763645,0.05468292646920075,-0.23920930687467107,-0.24644016182848597,-0.44950213263347333,-0.4922862349938195,-0.29155120555429026,-0.06425153706218234,0.22155531587138136,0.1641219879724436,-0.8712888766081744,-0.7859052479933757,2.017370310228958,1.5669787462227143,0.1330304162240862,0.07898644934440119,-0.19429032903039858,-0.27361708674793644,-0.15104813099068398,-0.16880879967985088,0.616281268662876,0.6619868478732541,0.48209572643290577,0.5248906591678238,-0.44950213263347333,-0.4442446168855182,-0.5887434911258351,-0.4770469062393744,-0.5566786765560946,-0.5091750772173156,-0.32741422899124245,-0.5003724395302271,-0.407853275092733,-0.42896242530321405,0.5144538430201883,0.4362503392991891,-0.38916382002821637,-0.5680207108113982,0.3561940549577381,0.41524698966303686,-0.8615068802495737,-0.9802143636471725,-1.2041823593429064,-1.1121533578655858,-0.7361579325157892,-0.5982930264130992,0.7190960426806197,0.9452924849763276,0.5,Away,0,0.2575232507161484,0.2831124719183618,0.3328678824109774,0.36723087964450807,0.08566433731811367,0.17768322322237534,-0.29386979537767843,-0.46889458132178713,-0.6714489870757242,-0.8038369524685004
Jeremy Finlayson,0.9654073325630872,0.943452206016177,-0.8309636918487145,-0.8741503051425776,0.1461545500786529,0.13742231291289977,-1.1551927942959688,-1.2833124370798021,-0.5930769206805494,-0.5572385363723518,-0.64017501272763,-0.6349906819349402,-0.45876715474123714,-0.3463252009716051,-0.23920930687467107,-0.24644016182848597,-0.44950213263347333,-0.4922862349938195,-1.2783399012765035,-1.006607413974191,-0.6646659476141441,-0.7385489458759964,-0.0378821250699206,-0.0,2.518863494692654,1.9978979014339608,1.108586801867385,0.9478373921328139,-0.19429032903039858,-0.27361708674793644,-0.15104813099068398,-0.16880879967985088,-0.16404609309731255,-0.19470201408036863,0.48209572643290577,0.5248906591678238,-0.44950213263347333,-0.4442446168855182,-0.5887434911258351,-0.4770469062393744,0.42307579418263186,0.2545875386086578,-0.32741422899124245,-0.5003724395302271,-0.407853275092733,-0.42896242530321405,-0.6769129513423531,-0.7634380937735809,0.7523833853878853,0.5346077278224921,0.8311194615680555,0.8921703704377896,1.304567561520783,1.4843246078085757,0.5619517676933563,0.5190049003372733,-0.7361579325157892,-0.5982930264130992,-0.22304467825081284,-0.2901392775669909,0.5,Away,0,-1.158854628222668,-1.415562359591809,-0.959442719890464,-1.147596498889088,-0.33313908957044197,-0.2566535446545421,0.9574467526821144,0.677292173020359,-0.6714489870757242,-0.8038369524685004
Toby Greene,-0.30259035796753475,-0.30190470592517676,-0.11405384005766675,-0.1344846623296274,-0.25577046263764297,-0.27484462582579955,0.09468793395868587,0.082794350779342,0.7803643693165123,0.804900108093397,1.5265711841966563,1.360694318432015,-1.2063877032084385,-1.1483414558532168,-0.23920930687467107,-0.24644016182848597,-0.44950213263347333,-0.4922862349938195,1.6820261858901364,1.8204602167618347,-0.22155531587138136,-0.2872134789517764,-0.8712888766081744,-0.7859052479933757,-0.9915887965532169,-1.0185361850447643,-0.8425259694192127,-0.7898644934440117,-1.6190860752533216,-1.7785110638615873,-0.7289714147811274,-0.7401616601347308,0.031035747342734617,0.01947020140803705,-0.5280096051408016,-0.5248906591678238,-0.44950213263347333,-0.4442446168855182,0.490619575938196,0.39753908853281206,-0.88326350013567,-0.7637626158259733,0.4308081960411084,0.8756517691778976,-0.407853275092733,-0.42896242530321405,-0.08122955416108242,-0.1635938772371959,1.5134148556652864,1.269693353578419,0.4431522279990638,0.5025709889598226,-0.31998826980698447,-0.36407962078323547,-0.8509555339356538,-0.785921706225014,-0.7361579325157892,-0.5982930264130992,0.5620725891920476,0.7393871912191078,0.5,Away,0,0.2575232507161484,0.2831124719183618,-0.09790231835616972,-0.13771157986669066,-1.170745943347553,-1.125327080408377,1.7916577847219763,1.441416675915123,0.4648492987447323,0.4019184762342502
Samuel Reid,-0.9365892032328458,-0.9245831618958537,0.12491611053934917,0.112070551941356,-0.5237204711151735,-0.5496892516515991,-1.1551927942959688,-1.2833124370798021,-0.5930769206805494,-0.5572385363723518,0.443198085734513,0.3628518182485373,-1.2063877032084385,-1.1483414558532168,-0.23920930687467107,-0.24644016182848597,-0.44950213263347333,-0.4922862349938195,0.2018431423068164,0.4069264013938219,-0.6646659476141441,-0.7385489458759964,1.6289313780065873,1.5718104959867514,-0.49009561208952096,-0.5876170298335179,-0.8425259694192127,-0.7898644934440117,1.2305054171925245,1.2312768903657145,0.13791351090453768,0.1168676305475891,-0.9443734548575011,-1.0513908760339914,-0.3596587165451838,-0.3499271061118826,-0.44950213263347333,-0.4442446168855182,-0.5887434911258351,-0.4770469062393744,-0.2300938529765191,-0.2545875386086578,-0.32741422899124245,-0.5003724395302271,-0.407853275092733,-0.42896242530321405,-0.6769129513423531,-0.7634380937735809,-0.00864808488951583,-0.20047789793343473,-0.35953860007471217,-0.3034966968566608,0.7630489510781939,0.8681898649446386,1.2684054185078613,1.171468203618417,-0.7361579325157892,-0.5982930264130992,0.3265374089591895,0.4305292505832782,0.5,Away,0,-1.158854628222668,-1.415562359591809,-0.959442719890464,-1.147596498889088,-1.170745943347553,-1.125327080408377,0.1232357206422525,-0.0868323298744051,-0.6714489870757242,-0.8038369524685004
Daniel Lloyd,-1.147922151654616,-1.1321426472194125,-0.11405384005766675,-0.1344846623296274,-0.7916704795927041,-0.8245338774773986,-0.3219389754595323,-0.3725745785070394,-0.5930769206805494,-0.5572385363723518,-0.64017501272763,-0.6349906819349402,0.662663667959565,0.8566991813508124,-0.23920930687467107,-0.24644016182848597,-0.44950213263347333,-0.4922862349938195,-0.784945553415397,-0.5354294755181866,0.22155531587138136,0.1641219879724436,-0.8712888766081744,-0.7859052479933757,-0.49009561208952096,-0.5876170298335179,0.1330304162240862,0.07898644934440119,-0.19429032903039858,-0.27361708674793644,-0.15104813099068398,-0.16880879967985088,-0.9443734548575011,-1.0513908760339914,-0.5280096051408016,-0.5248906591678238,-0.44950213263347333,-0.4442446168855182,-0.5887434911258351,-0.4770469062393744,-0.5566786765560946,-0.5091750772173156,-0.32741422899124245,-0.5003724395302271,-0.407853275092733,-0.42896242530321405,0.5144538430201883,0.4362503392991891,-0.00864808488951583,-0.20047789793343473,-1.356213044932984,-1.3043640734121278,0.22153034063560473,0.2520551220807016,-0.14450188312114878,-0.13345840294387032,-0.7361579325157892,-0.5982930264130992,-0.3015564049950989,-0.3930919244456008,0.5,Away,0,-0.2146027089301237,-0.2831124719183618,-0.09790231835616972,-0.13771157986669066,0.9232711910952249,1.0463567589762102,0.1232357206422525,-0.0868323298744051,-1.0502150823492098,-1.2057554287027505
Nick Haynes,-1.3592551000763864,-1.3397021325429714,-0.11405384005766675,-0.1344846623296274,-0.9256454838314694,-0.9619561903902983,0.09468793395868587,0.082794350779342,-0.5930769206805494,-0.5572385363723518,-0.64017501272763,-0.6349906819349402,-0.8325774289748379,-0.7473333284124108,-0.23920930687467107,-0.24644016182848597,0.9632188556431572,1.0548990749867562,-0.784945553415397,-0.5354294755181866,-0.22155531587138136,-0.2872134789517764,-1.7046956281464283,-1.5718104959867514,-0.9915887965532169,-1.0185361850447643,-0.8425259694192127,-0.7898644934440117,-0.19429032903039858,-0.27361708674793644,-0.7289714147811274,-0.7401616601347308,-0.9443734548575011,-1.0513908760339914,-1.0330622709276553,-1.0497813183356477,0.9632188556431572,0.9519527504689677,-0.5887434911258351,-0.4770469062393744,-0.88326350013567,-0.7637626158259733,-0.32741422899124245,-0.5003724395302271,-0.407853275092733,-0.42896242530321405,-0.08122955416108242,-0.1635938772371959,-1.1501952903056174,-1.303106336567325,-1.3762803156348284,-1.3245157655575397,-0.8615068802495737,-0.9802143636471725,0.9151785931006088,0.8452365519778452,-0.7361579325157892,-0.5982930264130992,-2.185837846857964,-2.863955449532238,0.5,Away,0,-0.2146027089301237,-0.2831124719183618,0.3328678824109774,0.36723087964450807,-0.7519425164589976,-0.6909903125314595,-1.5451863434374713,-1.6150813356639333,-0.2926828918022387,-0.4019184762342502
Ryan Griffen,-0.9365892032328458,-0.9245831618958537,-0.8309636918487145,-0.8741503051425776,-1.0596204880702347,-1.0993785033031982,-0.7385658848777505,-0.8279435077934207,2.153805659313574,2.167038752559146,-0.64017501272763,-0.6349906819349402,-0.8325774289748379,-0.7473333284124108,-0.23920930687467107,-0.24644016182848597,-0.44950213263347333,-0.4922862349938195,-0.29155120555429026,-0.06425153706218234,-0.6646659476141441,-0.7385489458759964,0.7955246264683333,0.7859052479933757,-0.49009561208952096,-0.5876170298335179,-0.8425259694192127,-0.7898644934440117,-0.19429032903039858,-0.27361708674793644,-1.017933056676349,-1.0258380903621709,-0.749291614417454,-0.8372186605455857,-0.8647113823320375,-0.8748177652797064,-0.44950213263347333,-0.4442446168855182,0.490619575938196,0.39753908853281206,-0.88326350013567,-0.7637626158259733,-0.32741422899124245,-0.5003724395302271,-0.407853275092733,-0.42896242530321405,-0.6769129513423531,-0.7634380937735809,-0.38916382002821637,-0.5680207108113982,-0.3127149684370752,-0.2564760818506993,0.22153034063560473,0.2520551220807016,-0.14450188312114878,-0.13345840294387032,0.9686288585734067,1.5954480704349314,-0.9296502189493873,-1.21671309947448,0.5,Away,0,-0.6867286685763958,-0.8493374157550854,-0.959442719890464,-1.147596498889088,-1.170745943347553,-1.125327080408377,-0.29386979537767843,-0.46889458132178713,-1.0502150823492098,-1.2057554287027505
Jonathon Patton,-1.147922151654616,-1.1321426472194125,-0.5919937412516986,-0.6275950908715943,-1.0596204880702347,-1.0993785033031982,0.09468793395868587,0.082794350779342,0.7803643693165123,0.804900108093397,-0.64017501272763,-0.6349906819349402,-0.8325774289748379,-0.7473333284124108,0.614186058191723,0.5100738233194244,-0.44950213263347333,-0.4922862349938195,-1.2783399012765035,-1.006607413974191,-0.22155531587138136,-0.2872134789517764,0.7955246264683333,0.7859052479933757,-0.9915887965532169,-1.0185361850447643,-0.8425259694192127,-0.7898644934440117,1.2305054171925245,1.2312768903657145,-1.017933056676349,-1.0258380903621709,-0.749291614417454,-0.8372186605455857,-1.0330622709276553,-1.0497813183356477,-0.44950213263347333,-0.4442446168855182,0.490619575938196,0.39753908853281206,-0.2300938529765191,-0.2545875386086578,-0.32741422899124245,-0.5003724395302271,-0.407853275092733,-0.42896242530321405,-0.08122955416108242,-0.1635938772371959,-0.38916382002821637,-0.5680207108113982,-1.4833057593779984,-1.4319914569997376,-0.31998826980698447,-0.36407962078323547,-0.14450188312114878,-0.13345840294387032,-0.7361579325157892,-0.5982930264130992,0.09100222872633135,0.12167130994744857,0.5,Away,0,0.2575232507161484,0.2831124719183618,-0.09790231835616972,-0.13771157986669066,-0.7519425164589976,-0.6909903125314595,-0.29386979537767843,-0.46889458132178713,-0.6714489870757242,-0.8038369524685004
Dawson Simpson,-1.3592551000763864,-1.3397021325429714,-0.5919937412516986,-0.6275950908715943,-1.193595492309,-1.236800816216098,-1.1551927942959688,-1.2833124370798021,-0.5930769206805494,-0.5572385363723518,-0.64017501272763,-0.6349906819349402,0.662663667959565,0.8566991813508124,5.023395444368092,4.418729413250295,-0.44950213263347333,-0.4922862349938195,-1.2783399012765035,-1.006607413974191,1.1077765793569068,1.0667929218208836,1.6289313780065873,1.5718104959867514,-0.49009561208952096,-0.5876170298335179,1.108586801867385,0.9478373921328139,1.2305054171925245,1.2312768903657145,-0.15104813099068398,-0.16880879967985088,-1.5296189761776426,-1.6939075224992084,-1.3697640481188913,-1.3997084244475304,-0.44950213263347333,-0.4442446168855182,-0.5887434911258351,-0.4770469062393744,-0.2300938529765191,-0.2545875386086578,-0.32741422899124245,-0.5003724395302271,1.8353397379172982,1.9303309138644629,0.5144538430201883,0.4362503392991891,-0.00864808488951583,-0.20047789793343473,-1.7843148199056644,-1.7342668391809188,1.8460861719633723,2.1004593506725127,-0.8509555339356538,-0.785921706225014,0.9686288585734067,1.5954480704349314,-0.537091585227957,-0.7019498650814304,0.5,Away,0,-1.158854628222668,-1.415562359591809,-0.959442719890464,-1.147596498889088,0.5044677642066693,0.6120199910992928,0.1232357206422525,-0.0868323298744051,-0.2926828918022387,-0.4019184762342502
Harrison Himmelberg,-1.147922151654616,-1.1321426472194125,-1.0699336424457304,-1.1207055194135611,-1.3275704965477653,-1.3742231291289977,-0.3219389754595323,-0.3725745785070394,-0.5930769206805494,-0.5572385363723518,-0.64017501272763,-0.6349906819349402,-0.8325774289748379,-0.7473333284124108,-0.23920930687467107,-0.24644016182848597,-0.44950213263347333,-0.4922862349938195,-1.2783399012765035,-1.006607413974191,-0.6646659476141441,-0.7385489458759964,1.6289313780065873,1.5718104959867514,-0.49009561208952096,-0.5876170298335179,-0.8425259694192127,-0.7898644934440117,1.2305054171925245,1.2312768903657145,-1.3068946985715706,-1.3115145205896108,-1.1394552952975483,-1.265563091522397,-1.5381149367145093,-1.5746719775034717,-0.44950213263347333,-0.4442446168855182,-0.5887434911258351,-0.4770469062393744,0.42307579418263186,0.2545875386086578,-0.32741422899124245,-0.5003724395302271,-0.407853275092733,-0.42896242530321405,-0.6769129513423531,-0.7634380937735809,-1.1501952903056174,-1.303106336567325,-1.2291203304879694,-1.1767366898245177,1.304567561520783,1.4843246078085757,-0.8509555339356538,-0.785921706225014,-0.7361579325157892,-0.5982930264130992,-0.06602122476224075,-0.08423398380977118,0.5,Away,0,-0.2146027089301237,-0.2831124719183618,-0.09790231835616972,-0.13771157986669066,-0.7519425164589976,-0.6909903125314595,-1.1280808274175405,-1.2330190842165512,-0.2926828918022387,-0.4019184762342502
Aidan Corr,-0.9365892032328458,-0.9245831618958537,-1.7868434942367781,-1.8603711622265113,-1.5955205050252959,-1.6490677549547972,-0.7385658848777505,-0.8279435077934207,-0.5930769206805494,-0.5572385363723518,-0.64017501272763,-0.6349906819349402,-0.8325774289748379,-0.7473333284124108,-0.23920930687467107,-0.24644016182848597,-0.44950213263347333,-0.4922862349938195,-1.2783399012765035,-1.006607413974191,-0.6646659476141441,-0.7385489458759964,0.7955246264683333,0.7859052479933757,0.011397572374174896,-0.15669787462227147,-0.8425259694192127,-0.7898644934440117,-0.19429032903039858,-0.27361708674793644,-1.5958563404667923,-1.5971909508170508,-1.1394552952975483,-1.265563091522397,-1.3697640481188913,-1.3997084244475304,-0.44950213263347333,-0.4442446168855182,-0.5887434911258351,-0.4770469062393744,1.7294150885009336,1.272937693043289,-0.32741422899124245,-0.5003724395302271,-0.407853275092733,-0.42896242530321405,-0.6769129513423531,-0.7634380937735809,-1.9112267605830187,-2.038191962323252,-0.9615567211300441,-0.9080474612190234,1.304567561520783,1.4843246078085757,-0.8509555339356538,-0.785921706225014,-0.7361579325157892,-0.5982930264130992,0.3265374089591895,0.4305292505832782,0.5,Away,0,-0.6867286685763958,-0.8493374157550854,-0.5286725191233169,-0.6426540393778893,-0.7519425164589976,-0.6909903125314595,-1.9622918594574024,-1.9971435871113152,-1.4289811776226953,-1.6076739049370008
