Method,Datatype,Use,FS_Val,FS_Rule,WinLoss,tp3,tp2,tp1,tp0.5,tp0,coef_avg,coef1,coef2_1,coef2_2,m1_Top3score,m1_avgvotediff(3),m1_Top4score,m1_avgvotediff(4),m2_Winner,m2_avgvotediff,v1
LR(PCA),N,BT,0.2,1.0,In,0.3563740136,0.18035317539999998,0.1129587068,,0.9637995566,0.1833635444,0.1833635444,,,8.333333333333332,0.0,17.5,0.0,0.0,0.0,42.0
LR(PCA),N,BT,0.2,1.0,Out,0.3563740136,0.18035317539999998,0.1129587068,,0.9637995566,0.1833635444,0.1833635444,,,8.333333333333332,0.0,17.5,0.0,0.0,0.0,42.0
LR(PCA),N,BT,0.2,2.0,In,0.37738833980000003,0.16811460979999998,0.1295794072,,0.9645467914000001,0.184321631,0.184321631,,,15.0,0.1388888888888889,25.0,1.6666666666666667,0.0,0.0,41.0
LR(PCA),N,BT,0.2,2.0,Out,0.37738833980000003,0.16811460979999998,0.1295794072,,0.9645467914000001,0.184321631,0.184321631,,,15.0,0.1388888888888889,25.0,1.6666666666666667,0.0,0.0,41.0
LR(PCA),N,BT,0.2,3.0,In,0.4019152686,0.1786485866,0.1269708112,,0.9665327850000001,0.20812229599999998,0.20812229599999998,,,6.666666666666666,0.0,15.0,0.0,0.0,0.0,40.2
LR(PCA),N,BT,0.2,3.0,Out,0.4019152686,0.1786485866,0.1269708112,,0.9665327850000001,0.20812229599999998,0.20812229599999998,,,6.666666666666666,0.0,15.0,0.0,0.0,0.0,40.2
LR(PCA),N,BT,0.2,4.0,In,0.40279246139999997,0.1768788786,0.1269823028,,0.9668105454000001,0.2088700174,0.2088700174,,,6.666666666666666,0.0,15.0,0.0,0.0,0.0,42.0
LR(PCA),N,BT,0.2,4.0,Out,0.40279246139999997,0.1768788786,0.1269823028,,0.9668105454000001,0.2088700174,0.2088700174,,,6.666666666666666,0.0,15.0,0.0,0.0,0.0,42.0
LR(PCA),N,BT,0.2,5.0,In,0.41677009099999995,0.196127327,0.1295870682,,0.9673444847999999,0.2118655426,0.2118655426,,,11.666666666666666,0.0,20.0,0.0,0.0,0.0,40.2
LR(PCA),N,BT,0.2,5.0,Out,0.41677009099999995,0.196127327,0.1295870682,,0.9673444847999999,0.2118655426,0.2118655426,,,11.666666666666666,0.0,20.0,0.0,0.0,0.0,40.2
LR(PCA),N,BT,0.2,6.0,In,0.4159312037999999,0.2066804566,0.1505937334,,0.9687964454,0.2250822414,0.2250822414,,,1.6666666666666665,0.0,7.0,0.0,0.0,0.0,36.4
LR(PCA),N,BT,0.2,6.0,Out,0.4159312037999999,0.2066804566,0.1505937334,,0.9687964454,0.2250822414,0.2250822414,,,1.6666666666666665,0.0,7.0,0.0,0.0,0.0,36.4
LR(PCA),N,BT,0.2,7.0,In,0.43698383539999996,0.20057458060000002,0.1620163946,,0.9691603464,0.22998847640000003,0.22998847640000003,,,4.333333333333333,0.0,10.5,0.0,0.0,0.0,36.2
LR(PCA),N,BT,0.2,7.0,Out,0.43698383539999996,0.20057458060000002,0.1620163946,,0.9691603464,0.22998847640000003,0.22998847640000003,,,4.333333333333333,0.0,10.5,0.0,0.0,0.0,36.2
LR(PCA),N,BT,0.2,8.0,In,0.4466099746,0.20405270820000002,0.1576342602,,0.969565916,0.2317381386,0.2317381386,,,13.0,1.6666666666666667,24.5,1.6666666666666667,3.0,1.3333333333333333,34.8
LR(PCA),N,BT,0.2,8.0,Out,0.4466099746,0.20405270820000002,0.1576342602,,0.969565916,0.2317381386,0.2317381386,,,13.0,1.6666666666666667,24.5,1.6666666666666667,3.0,1.3333333333333333,34.8
LR(PCA),N,BT,0.2,9.0,In,0.4466138052,0.1988201944,0.1594077988,,0.9694595952,0.2319385076,0.2319385076,,,16.0,0.75,25.5,2.0,3.0,1.0,35.2
LR(PCA),N,BT,0.2,9.0,Out,0.4466138052,0.1988201944,0.1594077988,,0.9694595952,0.2319385076,0.2319385076,,,16.0,0.75,25.5,2.0,3.0,1.0,35.2
LR(PCA),N,BT,0.2,10.0,In,0.4474871678,0.2058262468,0.1567838812,,0.9695449882,0.23245257260000002,0.23245257260000002,,,10.666666666666666,0.6666666666666666,18.5,0.6666666666666666,0.0,0.0,34.0
LR(PCA),N,BT,0.2,10.0,Out,0.4474871678,0.2058262468,0.1567838812,,0.9695449882,0.23245257260000002,0.23245257260000002,,,10.666666666666666,0.6666666666666666,18.5,0.6666666666666666,0.0,0.0,34.0
LR(PCA),N,BT,0.3,1.0,In,0.3817896268,0.1768942006,0.1112196432,,0.9644188888,0.195670543,0.195670543,,,1.6666666666666665,0.0,10.0,0.0,0.0,0.0,42.0
LR(PCA),N,BT,0.3,1.0,Out,0.3817896268,0.1768942006,0.1112196432,,0.9644188888,0.195670543,0.195670543,,,1.6666666666666665,0.0,10.0,0.0,0.0,0.0,42.0
LR(PCA),N,BT,0.3,2.0,In,0.38004673219999996,0.1707461886,0.1208725964,,0.9646969298,0.1969454528,0.1969454528,,,1.6666666666666665,0.0,5.0,0.0,0.0,0.0,42.0
LR(PCA),N,BT,0.3,2.0,Out,0.38004673219999996,0.1707461886,0.1208725964,,0.9646969298,0.1969454528,0.1969454528,,,1.6666666666666665,0.0,5.0,0.0,0.0,0.0,42.0
LR(PCA),N,BT,0.3,3.0,In,0.368650885,0.1637248142,0.11822952599999999,,0.9639919241999999,0.19798274040000002,0.19798274040000002,,,1.6666666666666665,0.0,5.0,0.0,0.0,0.0,44.4
LR(PCA),N,BT,0.3,3.0,Out,0.368650885,0.1637248142,0.11822952599999999,,0.9639919241999999,0.19798274040000002,0.19798274040000002,,,1.6666666666666665,0.0,5.0,0.0,0.0,0.0,44.4
LR(PCA),N,BT,0.3,4.0,In,0.3616448326,0.1646173292,0.112096836,,0.963863928,0.1982343022,0.1982343022,,,1.6666666666666665,0.0,5.0,0.0,0.0,0.0,43.8
LR(PCA),N,BT,0.3,4.0,Out,0.3616448326,0.1646173292,0.112096836,,0.963863928,0.1982343022,0.1982343022,,,1.6666666666666665,0.0,5.0,0.0,0.0,0.0,43.8
LR(PCA),N,BT,0.3,5.0,In,0.37040143999999997,0.16548686119999997,0.101597334,,0.9643124746,0.199187639,0.199187639,,,1.6666666666666665,0.0,5.0,0.0,0.0,0.0,42.8
LR(PCA),N,BT,0.3,5.0,Out,0.37040143999999997,0.16548686119999997,0.101597334,,0.9643124746,0.199187639,0.199187639,,,1.6666666666666665,0.0,5.0,0.0,0.0,0.0,42.8
LR(PCA),N,BT,0.3,6.0,In,0.36075997839999996,0.1637439668,0.11473224540000002,,0.964056109,0.199745595,0.199745595,,,1.6666666666666665,0.0,5.0,0.0,0.0,0.0,42.8
LR(PCA),N,BT,0.3,6.0,Out,0.36075997839999996,0.1637439668,0.11473224540000002,,0.964056109,0.199745595,0.199745595,,,1.6666666666666665,0.0,5.0,0.0,0.0,0.0,42.8
LR(PCA),N,BT,0.3,7.0,In,0.360763809,0.1628629436,0.1077147016,,0.9643762858,0.1999337782,0.1999337782,,,1.6666666666666665,0.0,5.0,0.0,0.0,0.0,42.4
LR(PCA),N,BT,0.3,7.0,Out,0.360763809,0.1628629436,0.1077147016,,0.9643762858,0.1999337782,0.1999337782,,,1.6666666666666665,0.0,5.0,0.0,0.0,0.0,42.4
LR(PCA),N,BT+OT,0.2,1.0,In,0.3274649506,0.1549567152,0.1120776832,,0.9626884201999999,0.17136109000000002,0.17136109000000002,,,11.666666666666666,0.0,20.0,0.0,0.0,0.0,40.0
LR(PCA),N,BT+OT,0.2,1.0,Out,0.3274649506,0.1549567152,0.1120776832,,0.9626884201999999,0.17136109000000002,0.17136109000000002,,,11.666666666666666,0.0,20.0,0.0,0.0,0.0,40.0
LR(PCA),N,BT+OT,0.2,2.0,In,0.3291963536,0.1514594348,0.11120049039999999,,0.9626241421999999,0.171497366,0.171497366,,,11.666666666666666,0.0,20.0,0.0,0.0,0.0,40.6
LR(PCA),N,BT+OT,0.2,2.0,Out,0.3291963536,0.1514594348,0.11120049039999999,,0.9626241421999999,0.171497366,0.171497366,,,11.666666666666666,0.0,20.0,0.0,0.0,0.0,40.6
LR(PCA),N,BT+OT,0.2,3.0,In,0.3555121428,0.15760361599999997,0.10592967140000001,,0.9643106062,0.19116410899999997,0.19116410899999997,,,7.666666666666666,0.0,16.0,0.0,0.0,0.0,38.4
LR(PCA),N,BT+OT,0.2,3.0,Out,0.3555121428,0.15760361599999997,0.10592967140000001,,0.9643106062,0.1911641092,0.1911641092,,,7.666666666666666,0.0,16.0,0.0,0.0,0.0,38.4
LR(PCA),N,BT+OT,0.2,4.0,In,0.3712518196,0.168110779,0.0989504328,,0.9646528315999999,0.19225228260000002,0.19225228260000002,,,7.666666666666666,0.0,16.0,0.0,0.0,0.0,40.2
LR(PCA),N,BT+OT,0.2,4.0,Out,0.3712518196,0.168110779,0.0989504328,,0.9646528315999999,0.19225228260000002,0.19225228260000002,,,7.666666666666666,0.0,16.0,0.0,0.0,0.0,40.2
LR(PCA),N,BT+OT,0.2,5.0,In,0.3808932812,0.18124952119999999,0.1111966598,,0.9652510498000002,0.193866146,0.193866146,,,11.666666666666666,0.0,20.0,0.0,0.0,0.0,39.2
LR(PCA),N,BT+OT,0.2,5.0,Out,0.3808932812,0.18124952119999999,0.1111966598,,0.9652510498000002,0.193866147,0.193866147,,,11.666666666666666,0.0,20.0,0.0,0.0,0.0,39.2
LR(PCA),N,BT+OT,0.2,6.0,In,0.36688500760000003,0.174243469,0.11817972880000001,,0.9658475856,0.203858014,0.203858014,,,4.0,0.0,11.5,0.0,0.0,0.0,40.2
LR(PCA),N,BT+OT,0.2,6.0,Out,0.36688500760000003,0.174243469,0.11817972880000001,,0.9658475856,0.20385801360000003,0.20385801360000003,,,4.0,0.0,11.5,0.0,0.0,0.0,40.2
LR(PCA),N,BT+OT,0.2,7.0,In,0.38967287219999996,0.17341607259999997,0.13398069399999998,,0.9664458036000001,0.2093533046,0.2093533046,,,5.333333333333333,0.0,13.5,0.0,0.0,0.0,39.0
LR(PCA),N,BT+OT,0.2,7.0,Out,0.38967287219999996,0.17341607259999997,0.13398069399999998,,0.9664458036000001,0.2093533046,0.2093533046,,,5.333333333333333,0.0,13.5,0.0,0.0,0.0,39.0
LR(PCA),N,BT+OT,0.2,8.0,In,0.3940435148,0.1874128554,0.1348808702,,0.9673655062,0.2123126774,0.2123126774,,,8.333333333333334,0.2,18.5,0.3333333333333333,0.0,0.0,39.4
LR(PCA),N,BT+OT,0.2,8.0,Out,0.3940435148,0.1874128554,0.1348808702,,0.9673655062,0.2123126776,0.2123126776,,,8.333333333333334,0.2,18.5,0.3333333333333333,0.0,0.0,39.4
LR(PCA),N,BT+OT,0.2,9.0,In,0.40807860279999997,0.18918639380000002,0.1366275952,,0.9680497708000001,0.21584349619999998,0.21584349619999998,,,13.0,0.3,24.0,1.0,0.0,0.0,38.8
LR(PCA),N,BT+OT,0.2,9.0,Out,0.40807860279999997,0.18918639380000002,0.1366275952,,0.9680497708000001,0.21584349619999998,0.21584349619999998,,,13.0,0.3,24.0,1.0,0.0,0.0,38.8
LR(PCA),N,BT+OT,0.2,10.0,In,0.421221175,0.1891825634,0.13223780000000002,,0.9681985076,0.2180622386,0.2180622386,,,12.0,0.4,23.5,0.6666666666666666,0.0,0.0,36.0
LR(PCA),N,BT+OT,0.2,10.0,Out,0.421221175,0.1891825634,0.13223780000000002,,0.9681985076,0.21806223600000002,0.21806223600000002,,,12.0,0.4,23.5,0.6666666666666666,0.0,0.0,36.0
LR(PCA),N,BT+OT,0.3,1.0,In,0.36339155740000006,0.1847851068,0.1094614266,,0.9643122876,0.1769656652,0.1769656652,,,3.333333333333333,0.0,12.5,0.0,0.0,0.0,43.0
LR(PCA),N,BT+OT,0.3,1.0,Out,0.36339155740000006,0.1847851068,0.1094614266,,0.9643122876,0.1769656652,0.1769656652,,,3.333333333333333,0.0,12.5,0.0,0.0,0.0,43.0
LR(PCA),N,BT+OT,0.3,2.0,In,0.33276258340000003,0.1488853136,0.10160499519999999,,0.9622413684000002,0.188438506,0.188438506,,,1.6666666666666665,0.0,10.0,0.0,0.0,0.0,49.0
LR(PCA),N,BT+OT,0.3,2.0,Out,0.33276258340000003,0.1488853136,0.10160499519999999,,0.9622413684000002,0.188438506,0.188438506,,,1.6666666666666665,0.0,10.0,0.0,0.0,0.0,49.0
LR(PCA),N,BT+OT,0.3,3.0,In,0.3642764114,0.1716310426,0.112974029,,0.9640988988,0.19381898059999997,0.19381898059999997,,,1.6666666666666665,0.0,6.0,0.0,0.0,0.0,44.6
LR(PCA),N,BT+OT,0.3,3.0,Out,0.3642764114,0.1716310426,0.112974029,,0.9640988988,0.19381898059999997,0.19381898059999997,,,1.6666666666666665,0.0,6.0,0.0,0.0,0.0,44.6
LR(PCA),N,BT+OT,0.3,4.0,In,0.36427258079999997,0.16549069179999998,0.10330958400000001,,0.9640772234,0.194837141,0.194837141,,,1.6666666666666665,0.0,6.0,0.0,0.0,0.0,44.0
LR(PCA),N,BT+OT,0.3,4.0,Out,0.36427258079999997,0.16549069179999998,0.10330958400000001,,0.9640772234,0.194837141,0.194837141,,,1.6666666666666665,0.0,6.0,0.0,0.0,0.0,44.0
LR(PCA),N,BT+OT,0.3,5.0,In,0.3590247452,0.168122271,0.0989695854,,0.9641412213999999,0.1952341618,0.1952341618,,,2.6666666666666665,0.0,8.0,0.0,0.0,0.0,44.0
LR(PCA),N,BT+OT,0.3,5.0,Out,0.3590247452,0.168122271,0.0989695854,,0.9641412213999999,0.1952341618,0.1952341618,,,2.6666666666666665,0.0,8.0,0.0,0.0,0.0,44.0
LR(PCA),N,BT+OT,0.3,6.0,In,0.3537615874,0.16287060460000002,0.1103386194,,0.9636503524,0.19604371380000002,0.19604371380000002,,,1.6666666666666665,0.0,5.0,0.0,0.0,0.0,43.0
LR(PCA),N,BT+OT,0.3,6.0,Out,0.3537615874,0.16287060460000002,0.1103386194,,0.9636503524,0.19604371380000002,0.19604371380000002,,,1.6666666666666665,0.0,5.0,0.0,0.0,0.0,43.0
LR(PCA),N,BT+OT,0.3,7.0,In,0.3721366736,0.1794836434,0.111211982,,0.9641616824,0.20320023519999997,0.20320023519999997,,,2.0,0.0,5.5,0.0,0.0,0.0,36.6
LR(PCA),N,BT+OT,0.3,7.0,Out,0.3721366736,0.1794836434,0.111211982,,0.9641616824,0.20320023519999997,0.20320023519999997,,,2.0,0.0,5.5,0.0,0.0,0.0,36.6
LR(PCA),N,BT+OT,0.3,8.0,In,0.3721443346,0.18299624600000003,0.1103309586,,0.9641189858000001,0.20329334440000002,0.20329334440000002,,,1.6666666666666665,0.0,5.0,0.0,0.0,0.0,36.4
LR(PCA),N,BT+OT,0.3,8.0,Out,0.3721443346,0.18299624600000003,0.1103309586,,0.9641189858000001,0.20329334440000002,0.20329334440000002,,,1.6666666666666665,0.0,5.0,0.0,0.0,0.0,36.4
LR(PCA),N,BT+OT,0.3,9.0,In,0.3616524936,0.1645981766,0.09370642759999999,,0.9637345308,0.20515121819999999,0.20515121819999999,,,1.6666666666666665,0.0,5.0,0.0,0.0,0.0,39.6
LR(PCA),N,BT+OT,0.3,9.0,Out,0.3616524936,0.1645981766,0.09370642759999999,,0.9637345308,0.20515121819999999,0.20515121819999999,,,1.6666666666666665,0.0,5.0,0.0,0.0,0.0,39.6
LR(PCA),N,BT+OT,0.3,10.0,In,0.363403049,0.1654792,0.0928254042,,0.9638841086,0.2054021324,0.2054021324,,,1.6666666666666665,0.0,5.0,0.0,0.0,0.0,39.4
LR(PCA),N,BT+OT,0.3,10.0,Out,0.363403049,0.1654792,0.0928254042,,0.9638841086,0.2054021324,0.2054021324,,,1.6666666666666665,0.0,5.0,0.0,0.0,0.0,39.4
LR(PCA),N,BT_OT,0.2,1.0,In,0.3274649506,0.1549567152,0.1120776832,,0.9626884201999999,0.17136109000000002,0.17136109000000002,,,11.666666666666666,0.0,20.0,0.0,0.0,0.0,40.0
LR(PCA),N,BT_OT,0.2,1.0,Out,0.3274649506,0.1549567152,0.1120776832,,0.9626884201999999,0.17136109000000002,0.17136109000000002,,,11.666666666666666,0.0,20.0,0.0,0.0,0.0,40.0
LR(PCA),N,BT_OT,0.2,2.0,In,0.3291963536,0.1514594348,0.11120049039999999,,0.9626241421999999,0.171497366,0.171497366,,,11.666666666666666,0.0,20.0,0.0,0.0,0.0,40.6
LR(PCA),N,BT_OT,0.2,2.0,Out,0.3291963536,0.1514594348,0.11120049039999999,,0.9626241421999999,0.171497366,0.171497366,,,11.666666666666666,0.0,20.0,0.0,0.0,0.0,40.6
LR(PCA),N,BT_OT,0.2,3.0,In,0.3555121428,0.15760361599999997,0.10592967140000001,,0.9643106062,0.1911641092,0.1911641092,,,7.666666666666666,0.0,16.0,0.0,0.0,0.0,38.4
LR(PCA),N,BT_OT,0.2,3.0,Out,0.3555121428,0.15760361599999997,0.10592967140000001,,0.9643106062,0.1911641092,0.1911641092,,,7.666666666666666,0.0,16.0,0.0,0.0,0.0,38.4
LR(PCA),N,BT_OT,0.2,4.0,In,0.3712518196,0.168110779,0.0989504328,,0.9646528315999999,0.19225228260000002,0.19225228260000002,,,7.666666666666666,0.0,16.0,0.0,0.0,0.0,40.2
LR(PCA),N,BT_OT,0.2,4.0,Out,0.3712518196,0.168110779,0.0989504328,,0.9646528315999999,0.19225228260000002,0.19225228260000002,,,7.666666666666666,0.0,16.0,0.0,0.0,0.0,40.2
LR(PCA),N,BT_OT,0.2,5.0,In,0.3808932812,0.18124952119999999,0.1111966598,,0.9652510498000002,0.19386614740000002,0.19386614740000002,,,11.666666666666666,0.0,20.0,0.0,0.0,0.0,39.2
LR(PCA),N,BT_OT,0.2,5.0,Out,0.3808932812,0.18124952119999999,0.1111966598,,0.9652510498000002,0.1938661472,0.1938661472,,,11.666666666666666,0.0,20.0,0.0,0.0,0.0,39.2
LR(PCA),N,BT_OT,0.2,6.0,In,0.36688500760000003,0.174243469,0.11817972880000001,,0.9658475856,0.2038580142,0.2038580142,,,4.0,0.0,11.5,0.0,0.0,0.0,40.2
LR(PCA),N,BT_OT,0.2,6.0,Out,0.36688500760000003,0.174243469,0.11817972880000001,,0.9658475856,0.2038580144,0.2038580144,,,4.0,0.0,11.5,0.0,0.0,0.0,40.2
LR(PCA),N,BT_OT,0.2,7.0,In,0.38967287219999996,0.17341607259999997,0.13398069399999998,,0.9664458036000001,0.2093533046,0.2093533046,,,5.333333333333333,0.0,13.5,0.0,0.0,0.0,39.0
LR(PCA),N,BT_OT,0.2,7.0,Out,0.38967287219999996,0.17341607259999997,0.13398069399999998,,0.9664458036000001,0.20935330479999997,0.20935330479999997,,,5.333333333333333,0.0,13.5,0.0,0.0,0.0,39.0
LR(PCA),N,BT_OT,0.2,8.0,In,0.3940435148,0.1874128554,0.1348808702,,0.9673655062,0.2123126774,0.2123126774,,,8.333333333333334,0.2,18.5,0.3333333333333333,0.0,0.0,39.4
LR(PCA),N,BT_OT,0.2,8.0,Out,0.3940435148,0.1874128554,0.1348808702,,0.9673655062,0.2123126776,0.2123126776,,,8.333333333333334,0.2,18.5,0.3333333333333333,0.0,0.0,39.4
LR(PCA),N,BT_OT,0.2,9.0,In,0.40807860279999997,0.18918639380000002,0.1366275952,,0.9680497708000001,0.21584349599999997,0.21584349599999997,,,13.0,0.3,24.0,1.0,0.0,0.0,38.8
LR(PCA),N,BT_OT,0.2,9.0,Out,0.40807860279999997,0.18918639380000002,0.1366275952,,0.9680497708000001,0.21584349619999998,0.21584349619999998,,,13.0,0.3,24.0,1.0,0.0,0.0,38.8
LR(PCA),N,BT_OT,0.2,10.0,In,0.421221175,0.1891825634,0.13223780000000002,,0.9681985076,0.21806223500000002,0.21806223500000002,,,12.0,0.4,23.5,0.6666666666666666,0.0,0.0,36.0
LR(PCA),N,BT_OT,0.2,10.0,Out,0.421221175,0.1891825634,0.13223780000000002,,0.9681985076,0.21806224259999998,0.21806224259999998,,,12.0,0.4,23.5,0.6666666666666666,0.0,0.0,36.0
LR(PCA),N,BT_OT,0.3,1.0,In,0.36339155740000006,0.1847851068,0.1094614266,,0.9643122876,0.1769656652,0.1769656652,,,3.333333333333333,0.0,12.5,0.0,0.0,0.0,43.0
LR(PCA),N,BT_OT,0.3,1.0,Out,0.36339155740000006,0.1847851068,0.1094614266,,0.9643122876,0.1769656652,0.1769656652,,,3.333333333333333,0.0,12.5,0.0,0.0,0.0,43.0
LR(PCA),N,BT_OT,0.3,2.0,In,0.33276258340000003,0.1488853136,0.10160499519999999,,0.9622413684000002,0.188438506,0.188438506,,,1.6666666666666665,0.0,10.0,0.0,0.0,0.0,49.0
LR(PCA),N,BT_OT,0.3,2.0,Out,0.33276258340000003,0.1488853136,0.10160499519999999,,0.9622413684000002,0.188438506,0.188438506,,,1.6666666666666665,0.0,10.0,0.0,0.0,0.0,49.0
LR(PCA),N,BT_OT,0.3,3.0,In,0.3642764114,0.1716310426,0.112974029,,0.9640988988,0.19381898059999997,0.19381898059999997,,,1.6666666666666665,0.0,6.0,0.0,0.0,0.0,44.6
LR(PCA),N,BT_OT,0.3,3.0,Out,0.3642764114,0.1716310426,0.112974029,,0.9640988988,0.19381898059999997,0.19381898059999997,,,1.6666666666666665,0.0,6.0,0.0,0.0,0.0,44.6
LR(PCA),N,BT_OT,0.3,4.0,In,0.36427258079999997,0.16549069179999998,0.10330958400000001,,0.9640772234,0.194837141,0.194837141,,,1.6666666666666665,0.0,6.0,0.0,0.0,0.0,44.0
LR(PCA),N,BT_OT,0.3,4.0,Out,0.36427258079999997,0.16549069179999998,0.10330958400000001,,0.9640772234,0.194837141,0.194837141,,,1.6666666666666665,0.0,6.0,0.0,0.0,0.0,44.0
LR(PCA),N,BT_OT,0.3,5.0,In,0.3590247452,0.168122271,0.0989695854,,0.9641412213999999,0.1952341618,0.1952341618,,,2.6666666666666665,0.0,8.0,0.0,0.0,0.0,44.0
LR(PCA),N,BT_OT,0.3,5.0,Out,0.3590247452,0.168122271,0.0989695854,,0.9641412213999999,0.1952341618,0.1952341618,,,2.6666666666666665,0.0,8.0,0.0,0.0,0.0,44.0
LR(PCA),N,BT_OT,0.3,6.0,In,0.3537615874,0.16287060460000002,0.1103386194,,0.9636503524,0.19604371380000002,0.19604371380000002,,,1.6666666666666665,0.0,5.0,0.0,0.0,0.0,43.0
LR(PCA),N,BT_OT,0.3,6.0,Out,0.3537615874,0.16287060460000002,0.1103386194,,0.9636503524,0.19604371380000002,0.19604371380000002,,,1.6666666666666665,0.0,5.0,0.0,0.0,0.0,43.0
LR(PCA),N,BT_OT,0.3,7.0,In,0.3721366736,0.1794836434,0.111211982,,0.9641616824,0.20320023519999997,0.20320023519999997,,,2.0,0.0,5.5,0.0,0.0,0.0,36.6
LR(PCA),N,BT_OT,0.3,7.0,Out,0.3721366736,0.1794836434,0.111211982,,0.9641616824,0.20320023519999997,0.20320023519999997,,,2.0,0.0,5.5,0.0,0.0,0.0,36.6
LR(PCA),N,BT_OT,0.3,8.0,In,0.3721443346,0.18299624600000003,0.1103309586,,0.9641189858000001,0.20329334440000002,0.20329334440000002,,,1.6666666666666665,0.0,5.0,0.0,0.0,0.0,36.4
LR(PCA),N,BT_OT,0.3,8.0,Out,0.3721443346,0.18299624600000003,0.1103309586,,0.9641189858000001,0.20329334440000002,0.20329334440000002,,,1.6666666666666665,0.0,5.0,0.0,0.0,0.0,36.4
LR(PCA),N,BT_OT,0.3,9.0,In,0.3616524936,0.1645981766,0.09370642759999999,,0.9637345308,0.20515121819999999,0.20515121819999999,,,1.6666666666666665,0.0,5.0,0.0,0.0,0.0,39.6
LR(PCA),N,BT_OT,0.3,9.0,Out,0.3616524936,0.1645981766,0.09370642759999999,,0.9637345308,0.20515121819999999,0.20515121819999999,,,1.6666666666666665,0.0,5.0,0.0,0.0,0.0,39.6
LR(PCA),N,BT_OT,0.3,10.0,In,0.363403049,0.1654792,0.0928254042,,0.9638841086,0.2054021324,0.2054021324,,,1.6666666666666665,0.0,5.0,0.0,0.0,0.0,39.4
LR(PCA),N,BT_OT,0.3,10.0,Out,0.363403049,0.1654792,0.0928254042,,0.9638841086,0.2054021324,0.2054021324,,,1.6666666666666665,0.0,5.0,0.0,0.0,0.0,39.4
LR(PCA),N,OT,0.2,1.0,In,0.2985558876,0.147061978,0.09893894119999999,,0.960574244,0.1564927672,0.1564927672,,,3.0,0.0,8.0,0.0,0.0,0.0,40.8
LR(PCA),N,OT,0.2,1.0,Out,0.2985558876,0.147061978,0.09893894119999999,,0.960574244,0.1564927672,0.1564927672,,,3.0,0.0,8.0,0.0,0.0,0.0,40.8
LR(PCA),N,OT,0.2,2.0,In,0.295054777,0.1435685284,0.10157435080000002,,0.9605316411999999,0.15669420299999998,0.15669420299999998,,,2.0,0.0,7.5,0.0,0.0,0.0,41.4
LR(PCA),N,OT,0.2,2.0,Out,0.295054777,0.1435685284,0.10157435080000002,,0.9605316411999999,0.15669420299999998,0.15669420299999998,,,2.0,0.0,7.5,0.0,0.0,0.0,41.4
LR(PCA),N,OT,0.2,3.0,In,0.30206465959999995,0.15412548839999998,0.0796713398,,0.960445781,0.1685290074,0.1685290074,,,5.666666666666666,0.0,14.0,0.0,0.0,0.0,38.2
LR(PCA),N,OT,0.2,3.0,Out,0.30206465959999995,0.15412548839999998,0.0796713398,,0.960445781,0.1685290074,0.1685290074,,,5.666666666666666,0.0,14.0,0.0,0.0,0.0,38.2
LR(PCA),N,OT,0.2,4.0,In,0.3116946294,0.15412165779999998,0.09018233360000001,,0.9608723720000001,0.168888639,0.168888639,,,7.0,0.0,15.5,0.0,0.0,0.0,39.2
LR(PCA),N,OT,0.2,4.0,Out,0.3116946294,0.15412165779999998,0.09018233360000001,,0.9608723720000001,0.168888639,0.168888639,,,7.0,0.0,15.5,0.0,0.0,0.0,39.2
LR(PCA),N,OT,0.2,5.0,In,0.31958553600000006,0.16635639319999998,0.09806557860000001,,0.9615344012,0.17247410000000002,0.17247410000000002,,,5.0,0.0,13.5,0.0,0.0,0.0,38.6
LR(PCA),N,OT,0.2,5.0,Out,0.31958553600000006,0.16635639319999998,0.09806557860000001,,0.9615344012,0.17247410000000002,0.17247410000000002,,,5.0,0.0,13.5,0.0,0.0,0.0,38.6
LR(PCA),N,OT,0.2,6.0,In,0.30909369499999995,0.1663640542,0.0989312802,,0.9619187628000001,0.1810968488,0.1810968488,,,3.0,0.0,9.5,0.0,0.0,0.0,39.0
LR(PCA),N,OT,0.2,6.0,Out,0.30909369499999995,0.1663640542,0.0989312802,,0.9619187628000001,0.1810968488,0.1810968488,,,3.0,0.0,9.5,0.0,0.0,0.0,39.0
LR(PCA),N,OT,0.2,7.0,In,0.3082011798,0.14275262400000002,0.0971960468,,0.961789926,0.18465598160000002,0.18465598160000002,,,7.0,0.0,15.0,0.0,0.0,0.0,38.4
LR(PCA),N,OT,0.2,7.0,Out,0.3082011798,0.14275262400000002,0.0971960468,,0.961789926,0.18465598160000002,0.18465598160000002,,,7.0,0.0,15.0,0.0,0.0,0.0,38.4
LR(PCA),N,OT,0.2,8.0,In,0.3187121736,0.150612886,0.1076993794,,0.9624735364000001,0.1862571216,0.1862571216,,,6.333333333333333,0.2,14.5,0.3333333333333333,0.0,0.0,39.4
LR(PCA),N,OT,0.2,8.0,Out,0.3187121736,0.150612886,0.1076993794,,0.9624735364000001,0.1862571216,0.1862571216,,,6.333333333333333,0.2,14.5,0.3333333333333333,0.0,0.0,39.4
LR(PCA),N,OT,0.2,9.0,In,0.3213590744,0.1523787636,0.09805791779999999,,0.9622807950000001,0.18671208960000002,0.18671208960000002,,,7.0,0.0,15.0,0.0,0.0,0.0,39.8
LR(PCA),N,OT,0.2,9.0,Out,0.3213590744,0.1523787636,0.09805791779999999,,0.9622807950000001,0.18671208960000002,0.18671208960000002,,,7.0,0.0,15.0,0.0,0.0,0.0,39.8
LR(PCA),N,OT,0.2,10.0,In,0.32397916179999997,0.1576342604,0.10157052019999999,,0.9625159525999999,0.186976845,0.186976845,,,6.0,0.0,14.0,0.0,0.0,0.0,38.8
LR(PCA),N,OT,0.2,10.0,Out,0.32397916179999997,0.1576342604,0.10157052019999999,,0.9625159525999999,0.186976845,0.186976845,,,6.0,0.0,14.0,0.0,0.0,0.0,38.8
LR(PCA),N,OT,0.3,1.0,In,0.2784417376,0.14450701,0.09020531700000001,,0.9604039256,0.1403377064,0.1403377064,,,5.0,0.0,10.0,0.0,0.0,0.0,43.0
LR(PCA),N,OT,0.3,1.0,Out,0.2784417376,0.14450701,0.09020531700000001,,0.9604039256,0.1403377064,0.1403377064,,,5.0,0.0,10.0,0.0,0.0,0.0,43.0
LR(PCA),N,OT,0.3,2.0,In,0.273224546,0.153244465,0.0849459894,,0.9593372609999999,0.1471189902,0.1471189902,,,6.666666666666666,0.0,15.0,0.0,0.0,0.0,48.0
LR(PCA),N,OT,0.3,2.0,Out,0.273224546,0.153244465,0.0849459894,,0.9593372609999999,0.1471189902,0.1471189902,,,6.666666666666666,0.0,15.0,0.0,0.0,0.0,48.0
LR(PCA),N,OT,0.3,3.0,In,0.2732283766,0.1462575652,0.0963226846,,0.959549809,0.1505478618,0.1505478618,,,5.0,0.0,14.0,0.0,0.0,0.0,43.6
LR(PCA),N,OT,0.3,3.0,Out,0.2732283766,0.1462575652,0.0963226846,,0.959549809,0.1505478618,0.1505478618,,,5.0,0.0,14.0,0.0,0.0,0.0,43.6
LR(PCA),N,OT,0.3,4.0,In,0.2749827626,0.14187543100000002,0.09720370780000001,,0.9594433014,0.1505676846,0.1505676846,,,7.0,0.0,16.0,0.0,0.0,0.0,43.6
LR(PCA),N,OT,0.3,4.0,Out,0.2749827626,0.14187543100000002,0.09720370780000001,,0.9594433014,0.1505676846,0.1505676846,,,7.0,0.0,16.0,0.0,0.0,0.0,43.6
LR(PCA),P,BT,0.2,1.0,In,0.2224124722,0.1103539416,0.06656324220000001,,0.9529916496,0.12911433479999998,0.12911433479999998,,,1.6666666666666665,0.0,5.0,0.0,0.0,0.0,37.0
LR(PCA),P,BT,0.2,1.0,Out,0.2224124722,0.1103539416,0.06656324220000001,,0.9529916496,0.12911433479999998,0.12911433479999998,,,1.6666666666666665,0.0,5.0,0.0,0.0,0.0,37.0
LR(PCA),P,BT,0.2,2.0,In,0.3669233126,0.1672872136,0.11907990500000001,,0.9622835044,0.20041373839999999,0.20041373839999999,,,2.333333333333333,0.3333333333333333,8.0,0.3333333333333333,0.0,0.0,31.4
LR(PCA),P,BT,0.2,2.0,Out,0.3669233126,0.1672872136,0.11907990500000001,,0.9622835044,0.20041373839999999,0.20041373839999999,,,2.333333333333333,0.3333333333333333,8.0,0.3333333333333333,0.0,0.0,31.4
LR(PCA),P,BT,0.2,3.0,In,0.35905922,0.1786639088,0.12957557660000002,,0.9643753516,0.20900590759999998,0.20900590759999998,,,1.6666666666666665,0.0,5.0,0.0,0.0,0.0,33.0
LR(PCA),P,BT,0.2,3.0,Out,0.35905922,0.1786639088,0.12957557660000002,,0.9643753516,0.20900590759999998,0.20900590759999998,,,1.6666666666666665,0.0,5.0,0.0,0.0,0.0,33.0
LR(PCA),P,BT,0.2,4.0,In,0.438673102,0.1952884392,0.15502183419999999,,0.9679851188,0.2241027716,0.2241027716,,,8.0,0.0,20.75,0.0,0.0,0.0,39.6
LR(PCA),P,BT,0.2,4.0,Out,0.438673102,0.1952884392,0.15502183419999999,,0.9679851188,0.2241027716,0.2241027716,,,8.0,0.0,20.75,0.0,0.0,0.0,39.6
LR(PCA),P,BT,0.2,5.0,In,0.4588562016,0.21807247399999996,0.1593771546,,0.9690741125999999,0.2316250164,0.2316250164,,,13.0,0.6,23.5,1.0,2.0,0.5,36.6
LR(PCA),P,BT,0.2,5.0,Out,0.4588562016,0.21807247399999996,0.1593771546,,0.9690741125999999,0.2316250164,0.2316250164,,,13.0,0.6,23.5,1.0,2.0,0.5,36.6
LR(PCA),P,BT,0.2,6.0,In,0.464992722,0.20757680220000002,0.14973952340000002,,0.9692021084,0.23369132320000002,0.23369132320000002,,,15.0,2.5,20.0,1.6666666666666667,5.0,0.8,36.8
LR(PCA),P,BT,0.2,6.0,Out,0.464992722,0.20757680220000002,0.14973952340000002,,0.9692021084,0.23369132320000002,0.23369132320000002,,,15.0,2.5,20.0,1.6666666666666667,5.0,0.8,36.8
LR(PCA),P,BT,0.2,7.0,In,0.45624377540000005,0.2032023288,0.1541178272,,0.9693099239999998,0.2342167108,0.2342167108,,,7.0,0.3333333333333333,12.0,0.3333333333333333,0.0,0.0,35.4
LR(PCA),P,BT,0.2,7.0,Out,0.45624377540000005,0.2032023288,0.1541178272,,0.9693099239999998,0.2342167108,0.2342167108,,,7.0,0.3333333333333333,12.0,0.3333333333333333,0.0,0.0,35.4
LR(PCA),P,BT,0.2,8.0,In,0.45886003220000005,0.2049490536,0.15589136580000001,,0.9692667604,0.234383975,0.234383975,,,10.0,0.0,15.0,0.0,0.0,0.0,36.0
LR(PCA),P,BT,0.2,8.0,Out,0.45886003220000005,0.2049490536,0.15589136580000001,,0.9692667604,0.234383975,0.234383975,,,10.0,0.0,15.0,0.0,0.0,0.0,36.0
LR(PCA),P,BT,0.2,9.0,In,0.45975637779999995,0.2102122118,0.140094231,,0.9696722367999999,0.2378911188,0.2378911188,,,14.666666666666666,1.0,24.5,1.6666666666666667,4.0,0.5,35.4
LR(PCA),P,BT,0.2,9.0,Out,0.45975637779999995,0.2102122118,0.140094231,,0.9696722367999999,0.2378911188,0.2378911188,,,14.666666666666666,1.0,24.5,1.6666666666666667,4.0,0.5,35.4
LR(PCA),P,BT,0.2,10.0,In,0.4667432776,0.2198230292,0.1366237646,,0.9697153069999999,0.23888836200000002,0.23888836200000002,,,3.0,0.5,8.5,0.3333333333333333,1.0,3.0,33.6
LR(PCA),P,BT,0.2,10.0,Out,0.4667432776,0.2198230292,0.1366237646,,0.9697153069999999,0.23888836200000002,0.23888836200000002,,,3.0,0.5,8.5,0.3333333333333333,1.0,3.0,33.6
LR(PCA),P,BT,0.3,1.0,In,0.25219106739999997,0.1269861336,0.0796521872,,0.9552980999999999,0.15417659720000002,0.15417659720000002,,,2.333333333333333,0.0,6.0,0.0,0.0,0.0,38.0
LR(PCA),P,BT,0.3,1.0,Out,0.25219106739999997,0.1269861336,0.0796521872,,0.9552980999999999,0.15417659720000002,0.15417659720000002,,,2.333333333333333,0.0,6.0,0.0,0.0,0.0,38.0
LR(PCA),P,BT,0.3,2.0,In,0.3406381676,0.13924002159999999,0.0972381826,,0.9619413722000001,0.19450584499999998,0.19450584499999998,,,1.6666666666666665,0.0,5.0,0.0,0.0,0.0,42.8
LR(PCA),P,BT,0.3,2.0,Out,0.3406381676,0.13924002159999999,0.0972381826,,0.9619413722000001,0.19450584499999998,0.19450584499999998,,,1.6666666666666665,0.0,5.0,0.0,0.0,0.0,42.8
LR(PCA),P,BT,0.3,3.0,In,0.366896499,0.15847314780000002,0.1129701984,,0.9637991828000001,0.2000336104,0.2000336104,,,1.6666666666666665,0.0,5.0,0.0,0.0,0.0,41.8
LR(PCA),P,BT,0.3,3.0,Out,0.366896499,0.15847314780000002,0.1129701984,,0.9637991828000001,0.2000336104,0.2000336104,,,1.6666666666666665,0.0,5.0,0.0,0.0,0.0,41.8
LR(PCA),P,BT,0.3,4.0,In,0.37829617720000003,0.1672374166,0.12786332640000003,,0.9640134123999999,0.20107940639999997,0.20107940639999997,,,1.6666666666666665,0.0,5.0,0.0,0.0,0.0,44.2
LR(PCA),P,BT,0.3,4.0,Out,0.37829617720000003,0.1672374166,0.12786332640000003,,0.9640134123999999,0.20107940639999997,0.20107940639999997,,,1.6666666666666665,0.0,5.0,0.0,0.0,0.0,44.2
LR(PCA),P,BT,0.3,5.0,In,0.3747835746,0.16723741659999997,0.10857274180000001,,0.9641626166,0.201907936,0.201907936,,,1.6666666666666665,0.0,6.0,0.0,0.0,0.0,43.4
LR(PCA),P,BT,0.3,5.0,Out,0.3747835746,0.16723741659999997,0.10857274180000001,,0.9641626166,0.201907936,0.201907936,,,1.6666666666666665,0.0,6.0,0.0,0.0,0.0,43.4
LR(PCA),P,BT,0.3,6.0,In,0.37741132320000004,0.1716157206,0.1068260172,,0.964312101,0.20216339579999998,0.20216339579999998,,,1.6666666666666665,0.0,5.0,0.0,0.0,0.0,42.0
LR(PCA),P,BT,0.3,6.0,Out,0.37741132320000004,0.1716157206,0.1068260172,,0.964312101,0.20216339579999998,0.20216339579999998,,,1.6666666666666665,0.0,5.0,0.0,0.0,0.0,42.0
LR(PCA),P,BT,0.3,7.0,In,0.37039377919999994,0.1698536736,0.1129701984,,0.9643123811999998,0.2026593138,0.2026593138,,,1.6666666666666665,0.0,5.0,0.0,0.0,0.0,42.6
LR(PCA),P,BT,0.3,7.0,Out,0.37039377919999994,0.1698536736,0.1129701984,,0.9643123811999998,0.2026593138,0.2026593138,,,1.6666666666666665,0.0,5.0,0.0,0.0,0.0,42.6
LR(PCA),P,BT+OT,0.2,1.0,In,0.1891442582,0.11295487619999997,0.0630621312,,0.9515403431999999,0.1148634364,0.1148634364,,,1.6666666666666665,0.0,5.0,0.0,0.0,0.0,39.0
LR(PCA),P,BT+OT,0.2,1.0,Out,0.1891442582,0.11295487619999997,0.0630621312,,0.9515403431999999,0.1148634364,0.1148634364,,,1.6666666666666665,0.0,5.0,0.0,0.0,0.0,39.0
LR(PCA),P,BT+OT,0.2,2.0,In,0.2329349576,0.1330881788,0.0919443806,,0.9568360138,0.15458069540000002,0.15458069540000002,,,2.0,0.0,5.5,0.0,0.0,0.0,36.6
LR(PCA),P,BT+OT,0.2,2.0,Out,0.2329349576,0.1330881788,0.0919443806,,0.9568360138,0.15458069540000002,0.15458069540000002,,,2.0,0.0,5.5,0.0,0.0,0.0,36.6
LR(PCA),P,BT+OT,0.2,3.0,In,0.27057381439999995,0.1436106642,0.09457212899999999,,0.9595485010000001,0.17486324220000002,0.17486324220000002,,,3.0,0.2,9.5,0.3333333333333333,0.0,0.0,35.8
LR(PCA),P,BT+OT,0.2,3.0,Out,0.27057381439999995,0.1436106642,0.09457212899999999,,0.9595485010000001,0.17486324220000002,0.17486324220000002,,,3.0,0.2,9.5,0.3333333333333333,0.0,0.0,35.8
LR(PCA),P,BT+OT,0.2,4.0,In,0.3187236652,0.1611315406,0.11557879400000001,,0.9627512974,0.1877095846,0.1877095846,,,10.333333333333332,0.6,18.5,1.0,1.0,1.0,36.6
LR(PCA),P,BT+OT,0.2,4.0,Out,0.3187236652,0.1611315406,0.11557879400000001,,0.9627512974,0.1877095846,0.1877095846,,,10.333333333333332,0.6,18.5,1.0,1.0,1.0,36.6
LR(PCA),P,BT+OT,0.2,5.0,In,0.34588600340000003,0.1760170076,0.1068298476,,0.9645460440000001,0.19639521319999997,0.19639521319999997,,,7.666666666666666,0.0,14.0,0.0,0.0,0.0,36.8
LR(PCA),P,BT+OT,0.2,5.0,Out,0.34588600340000003,0.1760170076,0.1068298476,,0.9645460440000001,0.1963952136,0.1963952136,,,7.666666666666666,0.0,14.0,0.0,0.0,0.0,36.8
LR(PCA),P,BT+OT,0.2,6.0,In,0.3528997166,0.19266069079999998,0.1033363978,,0.965421742,0.20342521739999997,0.20342521739999997,,,10.0,1.5,21.5,1.0,3.0,0.3333333333333333,36.6
LR(PCA),P,BT+OT,0.2,6.0,Out,0.3528997166,0.19266069079999998,0.1033363978,,0.965421742,0.2034252172,0.2034252172,,,10.0,1.5,21.5,1.0,3.0,0.3333333333333333,36.6
LR(PCA),P,BT+OT,0.2,7.0,In,0.34939094460000003,0.19266069079999998,0.1007163106,,0.9653148607999998,0.2034305348,0.2034305348,,,11.0,1.5,23.5,1.0,3.0,0.3333333333333333,36.4
LR(PCA),P,BT+OT,0.2,7.0,Out,0.34939094460000003,0.19266069079999998,0.1007163106,,0.9653148607999998,0.2034305348,0.2034305348,,,11.0,1.5,23.5,1.0,3.0,0.3333333333333333,36.4
LR(PCA),P,BT+OT,0.2,8.0,In,0.3581437218,0.2031678542,0.11818355940000003,,0.9653151409999999,0.206089672,0.206089672,,,12.666666666666666,0.4,20.5,1.3333333333333333,2.0,0.5,36.0
LR(PCA),P,BT+OT,0.2,8.0,Out,0.3581437218,0.2031678542,0.11818355940000003,,0.9653151409999999,0.206089672,0.206089672,,,12.666666666666666,0.4,20.5,1.3333333333333333,2.0,0.5,36.0
LR(PCA),P,BT+OT,0.2,9.0,In,0.36165632400000003,0.2040565386,0.11557879419999999,,0.9657640614,0.2095485492,0.2095485492,,,9.0,0.5,17.5,0.3333333333333333,1.0,1.0,36.6
LR(PCA),P,BT+OT,0.2,9.0,Out,0.36165632400000003,0.2040565386,0.11557879419999999,,0.9657640614,0.20954854900000003,0.20954854900000003,,,9.0,0.5,17.5,0.3333333333333333,1.0,1.0,36.6
LR(PCA),P,BT+OT,0.2,10.0,In,0.4413468168,0.19969738760000003,0.15320999,,0.9680276284,0.2449328576,0.2449328576,,,10.0,1.0,18.25,0.6666666666666666,2.0,0.5,35.4
LR(PCA),P,BT+OT,0.2,10.0,Out,0.4413468168,0.19969738760000003,0.15320999,,0.9680276284,0.2449328576,0.2449328576,,,10.0,1.0,18.25,0.6666666666666666,2.0,0.5,35.4
LR(PCA),P,BT+OT,0.3,1.0,In,0.2399295182,0.11998391180000001,0.0814142344,,0.9559187402000001,0.1483277436,0.1483277436,,,1.6666666666666665,0.0,5.0,0.0,0.0,0.0,43.0
LR(PCA),P,BT+OT,0.3,1.0,Out,0.2399295182,0.11998391180000001,0.0814142344,,0.9559187402000001,0.1483277436,0.1483277436,,,1.6666666666666665,0.0,5.0,0.0,0.0,0.0,43.0
LR(PCA),P,BT+OT,0.3,2.0,In,0.3047383742,0.137481805,0.08930514060000001,,0.9599328628,0.1693390602,0.1693390602,,,1.9999999999999998,0.0,5.5,0.0,0.0,0.0,45.8
LR(PCA),P,BT+OT,0.3,2.0,Out,0.3047383742,0.137481805,0.08930514060000001,,0.9599328628,0.1693390602,0.1693390602,,,1.9999999999999998,0.0,5.5,0.0,0.0,0.0,45.8
LR(PCA),P,BT+OT,0.3,3.0,In,0.3414962078,0.13923236020000002,0.0989580938,,0.9624324286,0.19005708559999998,0.19005708559999998,,,2.6666666666666665,0.0,8.0,0.0,0.0,0.0,46.0
LR(PCA),P,BT+OT,0.3,3.0,Out,0.3414962078,0.13923236020000002,0.0989580938,,0.9624324286,0.19005708559999998,0.19005708559999998,,,2.6666666666666665,0.0,8.0,0.0,0.0,0.0,46.0
LR(PCA),P,BT+OT,0.3,4.0,In,0.338010419,0.1584999618,0.10158584240000001,,0.9627739068000001,0.1926154162,0.1926154162,,,1.6666666666666665,0.0,5.0,0.0,0.0,0.0,44.0
LR(PCA),P,BT+OT,0.3,4.0,Out,0.338010419,0.1584999618,0.10158584240000001,,0.9627739068000001,0.1926154162,0.1926154162,,,1.6666666666666665,0.0,5.0,0.0,0.0,0.0,44.0
LR(PCA),P,BT+OT,0.3,5.0,In,0.3581475522,0.16372864459999997,0.1094614266,,0.9636069083999999,0.194842863,0.194842863,,,1.6666666666666665,0.0,5.0,0.0,0.0,0.0,42.8
LR(PCA),P,BT+OT,0.3,5.0,Out,0.3581475522,0.16372864459999997,0.1094614266,,0.9636069083999999,0.194842863,0.194842863,,,1.6666666666666665,0.0,5.0,0.0,0.0,0.0,42.8
LR(PCA),P,BT+OT,0.3,6.0,In,0.3520072014,0.1620317166,0.0971998776,,0.9634792862000001,0.19914956099999997,0.19914956099999997,,,2.6666666666666665,0.0,7.0,0.0,0.0,0.0,39.2
LR(PCA),P,BT+OT,0.3,6.0,Out,0.3520072014,0.1620317166,0.0971998776,,0.9634792862000001,0.19914956099999997,0.19914956099999997,,,2.6666666666666665,0.0,7.0,0.0,0.0,0.0,39.2
LR(PCA),P,BT+OT,0.3,7.0,In,0.36424576740000003,0.163732475,0.1094537654,,0.964183731,0.20756248,0.20756248,,,2.6666666666666665,0.0,9.0,0.0,0.0,0.0,37.6
LR(PCA),P,BT+OT,0.3,7.0,Out,0.36424576740000003,0.163732475,0.1094537654,,0.964183731,0.20756248,0.20756248,,,2.6666666666666665,0.0,9.0,0.0,0.0,0.0,37.6
LR(PCA),P,BT+OT,0.3,8.0,In,0.38966521099999996,0.1777445798,0.11732934980000001,,0.964609855,0.2101470296,0.2101470296,,,3.6666666666666665,0.0,11.0,0.0,0.0,0.0,38.0
LR(PCA),P,BT+OT,0.3,8.0,Out,0.38966521099999996,0.1777445798,0.11732934980000001,,0.964609855,0.2101470296,0.2101470296,,,3.6666666666666665,0.0,11.0,0.0,0.0,0.0,38.0
LR(PCA),P,BT+OT,0.3,9.0,In,0.39054240399999995,0.17161572039999998,0.11559411639999999,,0.9643534894,0.2112934858,0.2112934858,,,7.666666666666666,0.0,14.0,0.0,0.0,0.0,41.4
LR(PCA),P,BT+OT,0.3,9.0,Out,0.39054240399999995,0.17161572039999998,0.11559411639999999,,0.9643534894,0.2112934858,0.2112934858,,,7.666666666666666,0.0,14.0,0.0,0.0,0.0,41.4
LR(PCA),P,BT+OT,0.3,10.0,In,0.3826514978000001,0.16636022379999998,0.1050907838,,0.9644391626000001,0.2124337904,0.2124337904,,,11.666666666666666,0.0,20.0,0.0,0.0,0.0,41.4
LR(PCA),P,BT+OT,0.3,10.0,Out,0.3826514978000001,0.16636022379999998,0.1050907838,,0.9644391626000001,0.2124337904,0.2124337904,,,11.666666666666666,0.0,20.0,0.0,0.0,0.0,41.4
LR(PCA),P,BT_OT,0.2,1.0,In,0.1891442582,0.11295487619999997,0.0630621312,,0.9515403431999999,0.1148634364,0.1148634364,,,1.6666666666666665,0.0,5.0,0.0,0.0,0.0,39.0
LR(PCA),P,BT_OT,0.2,1.0,Out,0.1891442582,0.11295487619999997,0.0630621312,,0.9515403431999999,0.1148634364,0.1148634364,,,1.6666666666666665,0.0,5.0,0.0,0.0,0.0,39.0
LR(PCA),P,BT_OT,0.2,2.0,In,0.2329349576,0.1330881788,0.0919443806,,0.9568360138,0.15458069540000002,0.15458069540000002,,,2.0,0.0,5.5,0.0,0.0,0.0,36.6
LR(PCA),P,BT_OT,0.2,2.0,Out,0.2329349576,0.1330881788,0.0919443806,,0.9568360138,0.15458069540000002,0.15458069540000002,,,2.0,0.0,5.5,0.0,0.0,0.0,36.6
LR(PCA),P,BT_OT,0.2,3.0,In,0.27057381439999995,0.1436106642,0.09457212899999999,,0.9595485010000001,0.17486324220000002,0.17486324220000002,,,3.0,0.2,9.5,0.3333333333333333,0.0,0.0,35.8
LR(PCA),P,BT_OT,0.2,3.0,Out,0.27057381439999995,0.1436106642,0.09457212899999999,,0.9595485010000001,0.17486324220000002,0.17486324220000002,,,3.0,0.2,9.5,0.3333333333333333,0.0,0.0,35.8
LR(PCA),P,BT_OT,0.2,4.0,In,0.3187236652,0.1611315406,0.11557879400000001,,0.9627512974,0.1877095846,0.1877095846,,,10.333333333333332,0.6,18.5,1.0,1.0,1.0,36.6
LR(PCA),P,BT_OT,0.2,4.0,Out,0.3187236652,0.1611315406,0.11557879400000001,,0.9627512974,0.1877095846,0.1877095846,,,10.333333333333332,0.6,18.5,1.0,1.0,1.0,36.6
LR(PCA),P,BT_OT,0.2,5.0,In,0.34588600340000003,0.1760170076,0.1068298476,,0.9645460440000001,0.19639521319999997,0.19639521319999997,,,7.666666666666666,0.0,14.0,0.0,0.0,0.0,36.8
LR(PCA),P,BT_OT,0.2,5.0,Out,0.34588600340000003,0.1760170076,0.1068298476,,0.9645460440000001,0.1963952134,0.1963952134,,,7.666666666666666,0.0,14.0,0.0,0.0,0.0,36.8
LR(PCA),P,BT_OT,0.2,6.0,In,0.3528997166,0.19266069079999998,0.1033363978,,0.965421742,0.20342521739999997,0.20342521739999997,,,10.0,1.5,21.5,1.0,3.0,0.3333333333333333,36.6
LR(PCA),P,BT_OT,0.2,6.0,Out,0.3528997166,0.19266069079999998,0.1033363978,,0.965421742,0.20342521739999997,0.20342521739999997,,,10.0,1.5,21.5,1.0,3.0,0.3333333333333333,36.6
LR(PCA),P,BT_OT,0.2,7.0,In,0.34939094460000003,0.19266069079999998,0.1007163106,,0.9653148607999998,0.2034305348,0.2034305348,,,11.0,1.5,23.5,1.0,3.0,0.3333333333333333,36.4
LR(PCA),P,BT_OT,0.2,7.0,Out,0.34939094460000003,0.19266069079999998,0.1007163106,,0.9653148607999998,0.2034305348,0.2034305348,,,11.0,1.5,23.5,1.0,3.0,0.3333333333333333,36.4
LR(PCA),P,BT_OT,0.2,8.0,In,0.3581437218,0.2031678542,0.11818355940000003,,0.9653151409999999,0.206089672,0.206089672,,,12.666666666666666,0.4,20.5,1.3333333333333333,2.0,0.5,36.0
LR(PCA),P,BT_OT,0.2,8.0,Out,0.3581437218,0.2031678542,0.11818355940000003,,0.9653151409999999,0.206089672,0.206089672,,,12.666666666666666,0.4,20.5,1.3333333333333333,2.0,0.5,36.0
LR(PCA),P,BT_OT,0.2,9.0,In,0.36165632400000003,0.2040565386,0.11557879419999999,,0.9657640614,0.20954854900000003,0.20954854900000003,,,9.0,0.5,17.5,0.3333333333333333,1.0,1.0,36.6
LR(PCA),P,BT_OT,0.2,9.0,Out,0.36165632400000003,0.2040565386,0.11557879419999999,,0.9657640614,0.2095485492,0.2095485492,,,9.0,0.5,17.5,0.3333333333333333,1.0,1.0,36.6
LR(PCA),P,BT_OT,0.2,10.0,In,0.4413468168,0.19969738760000003,0.15320999,,0.9680276284,0.24493285780000001,0.24493285780000001,,,10.0,1.0,18.25,0.6666666666666666,2.0,0.5,35.4
LR(PCA),P,BT_OT,0.2,10.0,Out,0.4413468168,0.19969738760000003,0.15320999,,0.9680276284,0.2449328576,0.2449328576,,,10.0,1.0,18.25,0.6666666666666666,2.0,0.5,35.4
LR(PCA),P,BT_OT,0.3,1.0,In,0.2399295182,0.11998391180000001,0.0814142344,,0.9559187402000001,0.1483277436,0.1483277436,,,1.6666666666666665,0.0,5.0,0.0,0.0,0.0,43.0
LR(PCA),P,BT_OT,0.3,1.0,Out,0.2399295182,0.11998391180000001,0.0814142344,,0.9559187402000001,0.1483277436,0.1483277436,,,1.6666666666666665,0.0,5.0,0.0,0.0,0.0,43.0
LR(PCA),P,BT_OT,0.3,2.0,In,0.3047383742,0.137481805,0.08930514060000001,,0.9599328628,0.1693390602,0.1693390602,,,1.9999999999999998,0.0,5.5,0.0,0.0,0.0,45.8
LR(PCA),P,BT_OT,0.3,2.0,Out,0.3047383742,0.137481805,0.08930514060000001,,0.9599328628,0.1693390602,0.1693390602,,,1.9999999999999998,0.0,5.5,0.0,0.0,0.0,45.8
LR(PCA),P,BT_OT,0.3,3.0,In,0.3414962078,0.13923236020000002,0.0989580938,,0.9624324286,0.19005708559999998,0.19005708559999998,,,2.6666666666666665,0.0,8.0,0.0,0.0,0.0,46.0
LR(PCA),P,BT_OT,0.3,3.0,Out,0.3414962078,0.13923236020000002,0.0989580938,,0.9624324286,0.19005708559999998,0.19005708559999998,,,2.6666666666666665,0.0,8.0,0.0,0.0,0.0,46.0
LR(PCA),P,BT_OT,0.3,4.0,In,0.338010419,0.1584999618,0.10158584240000001,,0.9627739068000001,0.1926154162,0.1926154162,,,1.6666666666666665,0.0,5.0,0.0,0.0,0.0,44.0
LR(PCA),P,BT_OT,0.3,4.0,Out,0.338010419,0.1584999618,0.10158584240000001,,0.9627739068000001,0.1926154162,0.1926154162,,,1.6666666666666665,0.0,5.0,0.0,0.0,0.0,44.0
LR(PCA),P,BT_OT,0.3,5.0,In,0.3581475522,0.16372864459999997,0.1094614266,,0.9636069083999999,0.194842863,0.194842863,,,1.6666666666666665,0.0,5.0,0.0,0.0,0.0,42.8
LR(PCA),P,BT_OT,0.3,5.0,Out,0.3581475522,0.16372864459999997,0.1094614266,,0.9636069083999999,0.194842863,0.194842863,,,1.6666666666666665,0.0,5.0,0.0,0.0,0.0,42.8
LR(PCA),P,BT_OT,0.3,6.0,In,0.3520072014,0.1620317166,0.0971998776,,0.9634792862000001,0.19914956099999997,0.19914956099999997,,,2.6666666666666665,0.0,7.0,0.0,0.0,0.0,39.2
LR(PCA),P,BT_OT,0.3,6.0,Out,0.3520072014,0.1620317166,0.0971998776,,0.9634792862000001,0.19914956099999997,0.19914956099999997,,,2.6666666666666665,0.0,7.0,0.0,0.0,0.0,39.2
LR(PCA),P,BT_OT,0.3,7.0,In,0.36424576740000003,0.163732475,0.1094537654,,0.964183731,0.20756248,0.20756248,,,2.6666666666666665,0.0,9.0,0.0,0.0,0.0,37.6
LR(PCA),P,BT_OT,0.3,7.0,Out,0.36424576740000003,0.163732475,0.1094537654,,0.964183731,0.20756248,0.20756248,,,2.6666666666666665,0.0,9.0,0.0,0.0,0.0,37.6
LR(PCA),P,BT_OT,0.3,8.0,In,0.38966521099999996,0.1777445798,0.11732934980000001,,0.964609855,0.2101470296,0.2101470296,,,3.6666666666666665,0.0,11.0,0.0,0.0,0.0,38.0
LR(PCA),P,BT_OT,0.3,8.0,Out,0.38966521099999996,0.1777445798,0.11732934980000001,,0.964609855,0.2101470296,0.2101470296,,,3.6666666666666665,0.0,11.0,0.0,0.0,0.0,38.0
LR(PCA),P,BT_OT,0.3,9.0,In,0.39054240399999995,0.17161572039999998,0.11559411639999999,,0.9643534894,0.2112934858,0.2112934858,,,7.666666666666666,0.0,14.0,0.0,0.0,0.0,41.4
LR(PCA),P,BT_OT,0.3,9.0,Out,0.39054240399999995,0.17161572039999998,0.11559411639999999,,0.9643534894,0.2112934858,0.2112934858,,,7.666666666666666,0.0,14.0,0.0,0.0,0.0,41.4
LR(PCA),P,BT_OT,0.3,10.0,In,0.3826514978000001,0.16636022379999998,0.1050907838,,0.9644391626000001,0.2124337904,0.2124337904,,,11.666666666666666,0.0,20.0,0.0,0.0,0.0,41.4
LR(PCA),P,BT_OT,0.3,10.0,Out,0.3826514978000001,0.16636022379999998,0.1050907838,,0.9644391626000001,0.2124337904,0.2124337904,,,11.666666666666666,0.0,20.0,0.0,0.0,0.0,41.4
LR(PCA),P,OT,0.2,1.0,In,0.1795104574,0.10509461440000001,0.06306213140000001,,0.9510702144,0.11093332780000001,0.11093332780000001,,,1.6666666666666665,0.0,5.0,0.0,0.0,0.0,37.0
LR(PCA),P,OT,0.2,1.0,Out,0.1795104574,0.10509461440000001,0.06306213140000001,,0.9510702144,0.11093332780000001,0.11093332780000001,,,1.6666666666666665,0.0,5.0,0.0,0.0,0.0,37.0
LR(PCA),P,OT,0.2,2.0,In,0.2215506014,0.1252240864,0.0910863404,,0.9550848044,0.14399957980000003,0.14399957980000003,,,1.6666666666666665,0.0,5.0,0.0,0.0,0.0,38.6
LR(PCA),P,OT,0.2,2.0,Out,0.2215506014,0.1252240864,0.0910863404,,0.9550848044,0.14399957980000003,0.14399957980000003,,,1.6666666666666665,0.0,5.0,0.0,0.0,0.0,38.6
LR(PCA),P,OT,0.2,3.0,In,0.23382364220000001,0.1497318624,0.0972151996,,0.9576052978,0.15839101800000002,0.15839101800000002,,,1.9999999999999998,0.0,5.5,0.0,0.0,0.0,37.0
LR(PCA),P,OT,0.2,3.0,Out,0.23382364220000001,0.1497318624,0.0972151996,,0.9576052978,0.15839101800000002,0.15839101800000002,,,1.9999999999999998,0.0,5.5,0.0,0.0,0.0,37.0
LR(PCA),P,OT,0.2,4.0,In,0.259185628,0.14536888060000003,0.09192522800000001,,0.9589929798,0.16604750680000002,0.16604750680000002,,,2.9999999999999996,0.3333333333333333,9.0,0.3333333333333333,0.0,0.0,36.6
LR(PCA),P,OT,0.2,4.0,Out,0.259185628,0.14536888060000003,0.09192522800000001,,0.9589929798,0.16604750680000002,0.16604750680000002,,,2.9999999999999996,0.3333333333333333,9.0,0.3333333333333333,0.0,0.0,36.6
LR(PCA),P,OT,0.2,5.0,In,0.277576036,0.163759289,0.09194438060000001,,0.9603184390000001,0.17363463399999998,0.17363463399999998,,,3.333333333333333,0.0,8.0,0.0,0.0,0.0,38.6
LR(PCA),P,OT,0.2,5.0,Out,0.277576036,0.163759289,0.09194438060000001,,0.9603184390000001,0.17363463399999998,0.17363463399999998,,,3.333333333333333,0.0,8.0,0.0,0.0,0.0,38.6
LR(PCA),P,OT,0.2,6.0,In,0.2793189304,0.14974718439999998,0.0884279476,,0.9605529426,0.1751641508,0.1751641508,,,3.0,0.0,8.5,0.0,0.0,0.0,38.6
LR(PCA),P,OT,0.2,6.0,Out,0.2793189304,0.14974718439999998,0.0884279476,,0.9605529426,0.1751641508,0.1751641508,,,3.0,0.0,8.5,0.0,0.0,0.0,38.6
LR(PCA),P,OT,0.2,7.0,In,0.2749406268,0.14800429,0.09194821119999999,,0.9604032716,0.17540863040000002,0.17540863040000002,,,1.6666666666666665,0.0,7.0,0.0,0.0,0.0,38.2
LR(PCA),P,OT,0.2,7.0,Out,0.2749406268,0.14800429,0.09194821119999999,,0.9604032716,0.17540863040000002,0.17540863040000002,,,1.6666666666666665,0.0,7.0,0.0,0.0,0.0,38.2
LR(PCA),P,OT,0.2,8.0,In,0.2802229374,0.14800429040000002,0.09718838560000001,,0.9606589832000001,0.1781801636,0.1781801636,,,3.6666666666666665,0.0,9.0,0.0,0.0,0.0,39.4
LR(PCA),P,OT,0.2,8.0,Out,0.2802229374,0.14800429040000002,0.09718838560000001,,0.9606589832000001,0.1781801636,0.1781801636,,,3.6666666666666665,0.0,9.0,0.0,0.0,0.0,39.4
LR(PCA),P,OT,0.2,9.0,In,0.2889718838,0.1550065122,0.09020148619999999,,0.9605961062,0.180561544,0.180561544,,,3.333333333333333,0.0,8.0,0.0,0.0,0.0,39.2
LR(PCA),P,OT,0.2,9.0,Out,0.2889718838,0.1550065122,0.09020148619999999,,0.9605961062,0.180561544,0.180561544,,,3.333333333333333,0.0,8.0,0.0,0.0,0.0,39.2
LR(PCA),P,OT,0.2,10.0,In,0.2889757144,0.152374933,0.0875813988,,0.9607241022,0.18085641759999999,0.18085641759999999,,,1.9999999999999998,0.0,5.5,0.0,0.0,0.0,37.8
LR(PCA),P,OT,0.2,10.0,Out,0.2889757144,0.152374933,0.0875813988,,0.9607241022,0.18085641759999999,0.18085641759999999,,,1.9999999999999998,0.0,5.5,0.0,0.0,0.0,37.8
LR(PCA),P,OT,0.3,1.0,In,0.23291197439999997,0.11997625059999999,0.077924615,,0.9555350326,0.13209114240000003,0.13209114240000003,,,2.333333333333333,0.0,7.0,0.0,0.0,0.0,43.8
LR(PCA),P,OT,0.3,1.0,Out,0.23291197439999997,0.11997625059999999,0.077924615,,0.9555350326,0.13209114240000003,0.13209114240000003,,,2.333333333333333,0.0,7.0,0.0,0.0,0.0,43.8
LR(PCA),P,OT,0.3,2.0,In,0.2521987284,0.14012104520000002,0.09106718760000002,,0.9576051108000001,0.14603894459999997,0.14603894459999997,,,1.9999999999999998,0.0,7.5,0.0,0.0,0.0,46.4
LR(PCA),P,OT,0.3,2.0,Out,0.2521987284,0.14012104520000002,0.09106718760000002,,0.9576051108000001,0.14603894459999997,0.14603894459999997,,,1.9999999999999998,0.0,7.5,0.0,0.0,0.0,46.4
LR(PCA),P,OT,0.3,3.0,In,0.25834290940000004,0.1375124492,0.0866697312,,0.9578189668,0.1483618728,0.1483618728,,,5.0,0.0,11.0,0.0,0.0,0.0,45.2
LR(PCA),P,OT,0.3,3.0,Out,0.25834290940000004,0.1375124492,0.0866697312,,0.9578189668,0.1483618728,0.1483618728,,,5.0,0.0,11.0,0.0,0.0,0.0,45.2
LR(PCA),RS,BT,0.2,1.0,In,0.3449705048,0.15149390940000002,0.1147054318,,0.9623247998,0.11764765000000002,0.11764765000000002,,,15.0,2.5,27.5,1.6666666666666667,5.0,8.0,44.0
LR(PCA),RS,BT,0.2,1.0,Out,0.3449705048,0.15149390940000002,0.1147054318,,0.9623247998,0.11764765000000002,0.11764765000000002,,,15.0,2.5,27.5,1.6666666666666667,5.0,8.0,44.0
LR(PCA),RS,BT,0.2,2.0,In,0.3371140736,0.14796981520000002,0.10334022839999998,,0.9619619266000001,0.1281222652,0.1281222652,,,11.666666666666666,0.0,20.0,0.0,0.0,0.0,37.0
LR(PCA),RS,BT,0.2,2.0,Out,0.3371140736,0.14796981520000002,0.10334022839999998,,0.9619619266000001,0.1281222652,0.1281222652,,,11.666666666666666,0.0,20.0,0.0,0.0,0.0,37.0
LR(PCA),RS,BT,0.2,3.0,In,0.3344863252,0.1497165402,0.10334022840000001,,0.96191923,0.1281388232,0.1281388232,,,11.666666666666666,0.0,20.0,0.0,0.0,0.0,37.0
LR(PCA),RS,BT,0.2,3.0,Out,0.3344863252,0.1497165402,0.10334022840000001,,0.96191923,0.1281388232,0.1281388232,,,11.666666666666666,0.0,20.0,0.0,0.0,0.0,37.0
LR(PCA),RS,BT,0.2,4.0,In,0.3379721138,0.14271814899999996,0.102474527,,0.9617917009999999,0.12846555340000002,0.12846555340000002,,,8.666666666666666,0.0,17.0,0.0,0.0,0.0,37.6
LR(PCA),RS,BT,0.2,4.0,Out,0.3379721138,0.14271814899999996,0.102474527,,0.9617917009999999,0.12846555340000002,0.12846555340000002,,,8.666666666666666,0.0,17.0,0.0,0.0,0.0,37.6
LR(PCA),RS,BT,0.2,5.0,In,0.3441354476,0.16290507939999999,0.12695931980000003,,0.9627093480000001,0.1337508314,0.1337508314,,,1.6666666666666665,0.0,8.0,0.0,0.0,0.0,39.0
LR(PCA),RS,BT,0.2,5.0,Out,0.3441354476,0.16290507939999999,0.12695931980000003,,0.9627093480000001,0.1337508314,0.1337508314,,,1.6666666666666665,0.0,8.0,0.0,0.0,0.0,39.0
LR(PCA),RS,BT,0.2,6.0,In,0.34938711400000005,0.157645752,0.11820654240000002,,0.9627303692,0.13442906140000002,0.13442906140000002,,,1.6666666666666665,0.0,5.0,0.0,0.0,0.0,36.8
LR(PCA),RS,BT,0.2,6.0,Out,0.34938711400000005,0.157645752,0.11820654240000002,,0.9627303692,0.13442906140000002,0.13442906140000002,,,1.6666666666666665,0.0,5.0,0.0,0.0,0.0,36.8
LR(PCA),RS,BT,0.2,7.0,In,0.345897495,0.1672795526,0.11909139660000001,,0.9628372508,0.13459349040000002,0.13459349040000002,,,1.9999999999999998,0.0,5.5,0.0,0.0,0.0,35.4
LR(PCA),RS,BT,0.2,7.0,Out,0.345897495,0.1672795526,0.11909139660000001,,0.9628372508,0.13459349040000002,0.13459349040000002,,,1.9999999999999998,0.0,5.5,0.0,0.0,0.0,35.4
LR(PCA),RS,BT,0.2,8.0,In,0.3406381674,0.15938481540000002,0.11295487639999999,,0.962623862,0.13473981240000002,0.13473981240000002,,,2.6666666666666665,0.25,6.5,0.3333333333333333,0.0,0.0,34.0
LR(PCA),RS,BT,0.2,8.0,Out,0.3406381674,0.15938481540000002,0.11295487639999999,,0.962623862,0.13473981240000002,0.13473981240000002,,,2.6666666666666665,0.25,6.5,0.3333333333333333,0.0,0.0,34.0
LR(PCA),RS,BT,0.2,9.0,In,0.343258255,0.1567455758,0.107695549,,0.9626458174,0.1349181606,0.1349181606,,,7.0,0.0,15.0,0.0,0.0,0.0,33.4
LR(PCA),RS,BT,0.2,9.0,Out,0.343258255,0.1567455758,0.107695549,,0.9626458174,0.1349181606,0.1349181606,,,7.0,0.0,15.0,0.0,0.0,0.0,33.4
LR(PCA),RS,BT,0.2,10.0,In,0.33186240739999995,0.1383551674,0.10419826859999999,,0.9623901058,0.13836508420000002,0.13836508420000002,,,15.0,1.6666666666666667,21.0,1.6666666666666667,4.0,2.25,33.6
LR(PCA),RS,BT,0.2,10.0,Out,0.33186240739999995,0.1383551674,0.10419826859999999,,0.9623901058,0.13836508420000002,0.13836508420000002,,,15.0,1.6666666666666667,21.0,1.6666666666666667,4.0,2.25,33.6
LR(PCA),RS,BT,0.3,1.0,In,0.3432352716,0.16467478740000002,0.11647897039999999,,0.9619623934,0.091400165,0.091400165,,,0.0,0.0,5.0,0.0,0.0,0.0,48.0
LR(PCA),RS,BT,0.3,1.0,Out,0.3432352716,0.16467478740000002,0.11647897039999999,,0.9619623934,0.091400165,0.091400165,,,0.0,0.0,5.0,0.0,0.0,0.0,48.0
LR(PCA),RS,BT+OT,0.2,1.0,In,0.3248027274,0.1611545238,0.105056309,,0.9615351482000001,0.1171652276,0.1171652276,,,14.0,2.0,26.5,1.3333333333333333,4.0,3.0,39.0
LR(PCA),RS,BT+OT,0.2,1.0,Out,0.3248027274,0.1611545238,0.105056309,,0.9615351482000001,0.1171652276,0.1171652276,,,14.0,2.0,26.5,1.3333333333333333,4.0,3.0,39.0
LR(PCA),RS,BT+OT,0.2,2.0,In,0.32046272880000004,0.1374664828,0.112096836,,0.9615777514000001,0.1266432254,0.1266432254,,,2.6666666666666665,0.0,8.5,0.0,0.0,0.0,35.8
LR(PCA),RS,BT+OT,0.2,2.0,Out,0.32046272880000004,0.1374664828,0.112096836,,0.9615777514000001,0.1266432254,0.1266432254,,,2.6666666666666665,0.0,8.5,0.0,0.0,0.0,35.8
LR(PCA),RS,BT+OT,0.2,3.0,In,0.3230866466,0.14184095619999998,0.1024630352,,0.9614500358000001,0.1273084776,0.1273084776,,,4.666666666666666,0.0,13.0,0.0,0.0,0.0,37.0
LR(PCA),RS,BT+OT,0.2,3.0,Out,0.3230866466,0.14184095619999998,0.1024630352,,0.9614500358000001,0.1273084776,0.1273084776,,,4.666666666666666,0.0,13.0,0.0,0.0,0.0,37.0
LR(PCA),RS,BT+OT,0.2,4.0,In,0.3204588982,0.13747414380000003,0.1006971576,,0.9615353352,0.1273814518,0.1273814518,,,1.9999999999999998,0.0,9.5,0.0,0.0,0.0,36.0
LR(PCA),RS,BT+OT,0.2,4.0,Out,0.3204588982,0.13747414380000003,0.1006971576,,0.9615353352,0.1273814518,0.1273814518,,,1.9999999999999998,0.0,9.5,0.0,0.0,0.0,36.0
LR(PCA),RS,BT+OT,0.2,5.0,In,0.3336167932,0.1558913658,0.11817972880000001,,0.9616630508,0.13063802779999997,0.13063802779999997,,,1.6666666666666665,0.0,5.0,0.0,0.0,0.0,39.4
LR(PCA),RS,BT+OT,0.2,5.0,Out,0.3336167932,0.1558913658,0.11817972880000001,,0.9616630508,0.13063802779999997,0.13063802779999997,,,1.6666666666666665,0.0,5.0,0.0,0.0,0.0,39.4
LR(PCA),RS,BT+OT,0.2,6.0,In,0.3231402744,0.1515283844,0.09893894119999999,,0.9617061212,0.1318171822,0.1318171822,,,1.6666666666666665,0.0,6.0,0.0,0.0,0.0,35.6
LR(PCA),RS,BT+OT,0.2,6.0,Out,0.3231402744,0.1515283844,0.09893894119999999,,0.9617061212,0.1318171822,0.1318171822,,,1.6666666666666665,0.0,6.0,0.0,0.0,0.0,35.6
LR(PCA),RS,BT+OT,0.2,7.0,In,0.35467325499999997,0.16028116139999998,0.1147092622,,0.9629657140000001,0.1349137204,0.1349137204,,,8.666666666666666,0.0,17.0,0.0,0.0,0.0,33.8
LR(PCA),RS,BT+OT,0.2,7.0,Out,0.35467325499999997,0.16028116139999998,0.1147092622,,0.9629657140000001,0.1349137204,0.1349137204,,,8.666666666666666,0.0,17.0,0.0,0.0,0.0,33.8
LR(PCA),RS,BT+OT,0.2,8.0,In,0.3467861794,0.164644143,0.11732168839999998,,0.9630081300000001,0.13510002719999997,0.13510002719999997,,,6.666666666666666,0.0,15.0,0.0,0.0,0.0,34.6
LR(PCA),RS,BT+OT,0.2,8.0,Out,0.3467861794,0.164644143,0.11732168839999998,,0.9630081300000001,0.13510002719999997,0.13510002719999997,,,6.666666666666666,0.0,15.0,0.0,0.0,0.0,34.6
LR(PCA),RS,BT+OT,0.2,9.0,In,0.35290737759999996,0.16113920180000002,0.1085535892,,0.9628383718,0.1353516458,0.1353516458,,,6.666666666666666,0.25,16.5,0.3333333333333333,0.0,0.0,33.8
LR(PCA),RS,BT+OT,0.2,9.0,Out,0.35290737759999996,0.16113920180000002,0.1085535892,,0.9628383718,0.1353516458,0.1353516458,,,6.666666666666666,0.25,16.5,0.3333333333333333,0.0,0.0,33.8
LR(PCA),RS,BT+OT,0.2,10.0,In,0.3546464414,0.1646556348,0.1076763964,,0.9628810684,0.13543255419999997,0.13543255419999997,,,7.333333333333333,0.0,15.0,0.0,0.0,0.0,34.0
LR(PCA),RS,BT+OT,0.2,10.0,Out,0.3546464414,0.1646556348,0.1076763964,,0.9628810684,0.13543255419999997,0.13543255419999997,,,7.333333333333333,0.0,15.0,0.0,0.0,0.0,34.0
LR(PCA),RS,BT+OT,0.3,1.0,In,0.3432352716,0.16467478740000002,0.11647897039999999,,0.9619623934,0.091400165,0.091400165,,,0.0,0.0,5.0,0.0,0.0,0.0,48.0
LR(PCA),RS,BT+OT,0.3,1.0,Out,0.3432352716,0.16467478740000002,0.11647897039999999,,0.9619623934,0.091400165,0.091400165,,,0.0,0.0,5.0,0.0,0.0,0.0,48.0
LR(PCA),RS,BT_OT,0.2,1.0,In,0.3248027274,0.1611545238,0.105056309,,0.9615351482000001,0.1171652276,0.1171652276,,,14.0,2.0,26.5,1.3333333333333333,4.0,3.0,39.0
LR(PCA),RS,BT_OT,0.2,1.0,Out,0.3248027274,0.1611545238,0.105056309,,0.9615351482000001,0.1171652276,0.1171652276,,,14.0,2.0,26.5,1.3333333333333333,4.0,3.0,39.0
LR(PCA),RS,BT_OT,0.2,2.0,In,0.32046272880000004,0.1374664828,0.112096836,,0.9615777514000001,0.1266432254,0.1266432254,,,2.6666666666666665,0.0,8.5,0.0,0.0,0.0,35.8
LR(PCA),RS,BT_OT,0.2,2.0,Out,0.32046272880000004,0.1374664828,0.112096836,,0.9615777514000001,0.1266432254,0.1266432254,,,2.6666666666666665,0.0,8.5,0.0,0.0,0.0,35.8
LR(PCA),RS,BT_OT,0.2,3.0,In,0.3230866466,0.14184095619999998,0.1024630352,,0.9614500358000001,0.1273084776,0.1273084776,,,4.666666666666666,0.0,13.0,0.0,0.0,0.0,37.0
LR(PCA),RS,BT_OT,0.2,3.0,Out,0.3230866466,0.14184095619999998,0.1024630352,,0.9614500358000001,0.1273084776,0.1273084776,,,4.666666666666666,0.0,13.0,0.0,0.0,0.0,37.0
LR(PCA),RS,BT_OT,0.2,4.0,In,0.3204588982,0.13747414380000003,0.1006971576,,0.9615353352,0.1273814518,0.1273814518,,,1.9999999999999998,0.0,9.5,0.0,0.0,0.0,36.0
LR(PCA),RS,BT_OT,0.2,4.0,Out,0.3204588982,0.13747414380000003,0.1006971576,,0.9615353352,0.1273814518,0.1273814518,,,1.9999999999999998,0.0,9.5,0.0,0.0,0.0,36.0
LR(PCA),RS,BT_OT,0.2,5.0,In,0.3336167932,0.1558913658,0.11817972880000001,,0.9616630508,0.13063802779999997,0.13063802779999997,,,1.6666666666666665,0.0,5.0,0.0,0.0,0.0,39.4
LR(PCA),RS,BT_OT,0.2,5.0,Out,0.3336167932,0.1558913658,0.11817972880000001,,0.9616630508,0.13063802779999997,0.13063802779999997,,,1.6666666666666665,0.0,5.0,0.0,0.0,0.0,39.4
LR(PCA),RS,BT_OT,0.2,6.0,In,0.3231402744,0.1515283844,0.09893894119999999,,0.9617061212,0.1318171822,0.1318171822,,,1.6666666666666665,0.0,6.0,0.0,0.0,0.0,35.6
LR(PCA),RS,BT_OT,0.2,6.0,Out,0.3231402744,0.1515283844,0.09893894119999999,,0.9617061212,0.1318171822,0.1318171822,,,1.6666666666666665,0.0,6.0,0.0,0.0,0.0,35.6
LR(PCA),RS,BT_OT,0.2,7.0,In,0.35467325499999997,0.16028116139999998,0.1147092622,,0.9629657140000001,0.1349137202,0.1349137202,,,8.666666666666666,0.0,17.0,0.0,0.0,0.0,33.8
LR(PCA),RS,BT_OT,0.2,7.0,Out,0.35467325499999997,0.16028116139999998,0.1147092622,,0.9629657140000001,0.1349137208,0.1349137208,,,8.666666666666666,0.0,17.0,0.0,0.0,0.0,33.8
LR(PCA),RS,BT_OT,0.2,8.0,In,0.3467861794,0.164644143,0.11732168839999998,,0.9630081300000001,0.13510002719999997,0.13510002719999997,,,6.666666666666666,0.0,15.0,0.0,0.0,0.0,34.6
LR(PCA),RS,BT_OT,0.2,8.0,Out,0.3467861794,0.164644143,0.11732168839999998,,0.9630081300000001,0.13510002719999997,0.13510002719999997,,,6.666666666666666,0.0,15.0,0.0,0.0,0.0,34.6
LR(PCA),RS,BT_OT,0.2,9.0,In,0.35290737759999996,0.16113920180000002,0.1085535892,,0.9628383718,0.1353516458,0.1353516458,,,6.666666666666666,0.25,16.5,0.3333333333333333,0.0,0.0,33.8
LR(PCA),RS,BT_OT,0.2,9.0,Out,0.35290737759999996,0.16113920180000002,0.1085535892,,0.9628383718,0.1353516458,0.1353516458,,,6.666666666666666,0.25,16.5,0.3333333333333333,0.0,0.0,33.8
LR(PCA),RS,BT_OT,0.2,10.0,In,0.3546464414,0.1646556348,0.1076763964,,0.9628810684,0.13543255419999997,0.13543255419999997,,,7.333333333333333,0.0,15.0,0.0,0.0,0.0,34.0
LR(PCA),RS,BT_OT,0.2,10.0,Out,0.3546464414,0.1646556348,0.1076763964,,0.9628810684,0.13543255419999997,0.13543255419999997,,,7.333333333333333,0.0,15.0,0.0,0.0,0.0,34.0
LR(PCA),RS,BT_OT,0.3,1.0,In,0.3432352716,0.16467478740000002,0.11647897039999999,,0.9619623934,0.091400165,0.091400165,,,0.0,0.0,5.0,0.0,0.0,0.0,48.0
LR(PCA),RS,BT_OT,0.3,1.0,Out,0.3432352716,0.16467478740000002,0.11647897039999999,,0.9619623934,0.091400165,0.091400165,,,0.0,0.0,5.0,0.0,0.0,0.0,48.0
LR(PCA),RS,OT,0.2,1.0,In,0.2827932274,0.14449934879999998,0.10244005199999999,,0.9590583792,0.1122215006,0.1122215006,,,8.333333333333334,0.0,19.5,0.0,0.0,0.0,37.2
LR(PCA),RS,OT,0.2,1.0,Out,0.2827932274,0.14449934879999998,0.10244005199999999,,0.9590583792,0.1122215006,0.1122215006,,,8.333333333333334,0.0,19.5,0.0,0.0,0.0,37.2
LR(PCA),RS,OT,0.2,2.0,In,0.28105416380000003,0.1243737072,0.10595648500000002,,0.9591009822000001,0.1187571264,0.1187571264,,,5.0,0.35714285714285715,14.0,1.6666666666666667,0.0,0.0,37.0
LR(PCA),RS,OT,0.2,2.0,Out,0.28105416380000003,0.1243737072,0.10595648500000002,,0.9591009822000001,0.1187571264,0.1187571264,,,5.0,0.35714285714285715,14.0,1.6666666666666667,0.0,0.0,37.0
LR(PCA),RS,OT,0.2,3.0,In,0.2766452156,0.1217344674,0.1050831226,,0.9594430211999999,0.1205745936,0.1205745936,,,3.9999999999999996,0.25,9.5,0.6666666666666666,0.0,0.0,38.2
LR(PCA),RS,OT,0.2,3.0,Out,0.2766452156,0.1217344674,0.1050831226,,0.9594430211999999,0.1205745936,0.1205745936,,,3.9999999999999996,0.25,9.5,0.6666666666666666,0.0,0.0,38.2
LR(PCA),RS,OT,0.2,4.0,In,0.28280855,0.13664674780000002,0.093694936,,0.9594643225999999,0.1224802542,0.1224802542,,,4.333333333333333,0.0,10.5,0.0,0.0,0.0,37.4
LR(PCA),RS,OT,0.2,4.0,Out,0.28280855,0.13664674780000002,0.093694936,,0.9594643225999999,0.1224802542,0.1224802542,,,4.333333333333333,0.0,10.5,0.0,0.0,0.0,37.4
LR(PCA),RS,OT,0.2,5.0,In,0.28367042060000003,0.134007508,0.091063357,,0.9599133364,0.1232459122,0.1232459122,,,3.333333333333333,0.0,7.5,0.0,0.0,0.0,37.0
LR(PCA),RS,OT,0.2,5.0,Out,0.28367042060000003,0.134007508,0.091063357,,0.9599133364,0.1232459122,0.1232459122,,,3.333333333333333,0.0,7.5,0.0,0.0,0.0,37.0
LR(PCA),RS,OT,0.2,6.0,In,0.2766911822,0.15150540099999998,0.10156285899999999,,0.9598054276000001,0.1244415046,0.1244415046,,,1.6666666666666665,0.0,5.0,0.0,0.0,0.0,34.2
LR(PCA),RS,OT,0.2,6.0,Out,0.2766911822,0.15150540099999998,0.10156285899999999,,0.9598054276000001,0.1244415046,0.1244415046,,,1.6666666666666665,0.0,5.0,0.0,0.0,0.0,34.2
LR(PCA),RS,OT,0.2,7.0,In,0.2749444574,0.1488853138,0.10857657239999999,,0.9599548184000002,0.1244612742,0.1244612742,,,1.6666666666666665,0.0,5.0,0.0,0.0,0.0,34.2
LR(PCA),RS,OT,0.2,7.0,Out,0.2749444574,0.1488853138,0.10857657239999999,,0.9599548184000002,0.1244612742,0.1244612742,,,1.6666666666666665,0.0,5.0,0.0,0.0,0.0,34.2
LR(PCA),RS,OT,0.2,8.0,In,0.2758331416,0.131398912,0.106818356,,0.9594851571999999,0.1254866308,0.1254866308,,,2.333333333333333,0.5,5.5,0.3333333333333333,0.0,0.0,34.4
LR(PCA),RS,OT,0.2,8.0,Out,0.2758331416,0.131398912,0.106818356,,0.9594851571999999,0.1254866308,0.1254866308,,,2.333333333333333,0.5,5.5,0.3333333333333333,0.0,0.0,34.4
LR(PCA),S,BT,0.2,1.0,In,0.350229832,0.171604229,0.1138397302,,0.9634575174,0.1756006192,0.1756006192,,,8.333333333333332,0.0,17.5,0.0,0.0,0.0,42.0
LR(PCA),S,BT,0.2,1.0,Out,0.350229832,0.171604229,0.1138397302,,0.9634575174,0.1756006192,0.1756006192,,,8.333333333333332,0.0,17.5,0.0,0.0,0.0,42.0
LR(PCA),S,BT,0.2,2.0,In,0.3817513214,0.16985367340000002,0.1278441738,,0.9647605542,0.17850933899999996,0.17850933899999996,,,17.0,2.0,26.0,1.3333333333333333,4.0,4.0,39.6
LR(PCA),S,BT,0.2,2.0,Out,0.3817513214,0.16985367340000002,0.1278441738,,0.9647605542,0.17850933919999998,0.17850933919999998,,,17.0,2.0,26.0,1.3333333333333333,4.0,4.0,39.6
LR(PCA),S,BT,0.2,3.0,In,0.3844135448,0.176898031,0.1129778594,,0.9656143901999998,0.19498123579999999,0.19498123579999999,,,8.0,0.0,16.5,0.0,0.0,0.0,40.2
LR(PCA),S,BT,0.2,3.0,Out,0.3844135448,0.176898031,0.1129778594,,0.9656143901999998,0.194981236,0.194981236,,,8.0,0.0,16.5,0.0,0.0,0.0,40.2
LR(PCA),S,BT,0.2,4.0,In,0.3992913506,0.1795027962,0.11734084119999999,,0.9658278724,0.19554647919999998,0.19554647919999998,,,6.666666666666666,0.0,15.0,0.0,0.0,0.0,42.0
LR(PCA),S,BT,0.2,4.0,Out,0.3992913506,0.1795027962,0.11734084119999999,,0.9658278724,0.19554647919999998,0.19554647919999998,,,6.666666666666666,0.0,15.0,0.0,0.0,0.0,42.0
LR(PCA),S,BT,0.2,5.0,In,0.4124262622,0.2153949282,0.13570443579999997,,0.9673437374,0.20456178439999997,0.20456178439999997,,,11.666666666666666,0.0,20.0,0.0,0.0,0.0,39.2
LR(PCA),S,BT,0.2,5.0,Out,0.4124262622,0.2153949282,0.13570443579999997,,0.9673437374,0.20456178439999997,0.20456178439999997,,,11.666666666666666,0.0,20.0,0.0,0.0,0.0,39.2
LR(PCA),S,BT,0.2,6.0,In,0.404566,0.1935263924,0.1400750786,,0.9674931285999999,0.20869848220000004,0.20869848220000004,,,4.666666666666666,0.0,13.0,0.0,0.0,0.0,36.0
LR(PCA),S,BT,0.2,6.0,Out,0.404566,0.1935263924,0.1400750786,,0.9674931285999999,0.20869848220000004,0.20869848220000004,,,4.666666666666666,0.0,13.0,0.0,0.0,0.0,36.0
LR(PCA),S,BT,0.2,7.0,In,0.40543553219999995,0.1865203402,0.142760285,,0.9679847452000001,0.2125632676,0.2125632676,,,5.0,0.0,14.5,0.0,0.0,0.0,35.8
LR(PCA),S,BT,0.2,7.0,Out,0.40543553219999995,0.1865203402,0.142760285,,0.9679847452000001,0.2125632676,0.2125632676,,,5.0,0.0,14.5,0.0,0.0,0.0,35.8
LR(PCA),S,BT,0.2,8.0,In,0.4150578414,0.18828238719999998,0.1453803726,,0.9680489297999999,0.21272028440000001,0.21272028440000001,,,9.0,0.5,20.0,0.3333333333333333,1.0,1.0,36.0
LR(PCA),S,BT,0.2,8.0,Out,0.4150578414,0.18828238719999998,0.1453803726,,0.9680489297999999,0.21272028440000001,0.21272028440000001,,,9.0,0.5,20.0,0.3333333333333333,1.0,1.0,36.0
LR(PCA),S,BT,0.2,9.0,In,0.4159350342,0.18565463899999998,0.1550103424,,0.9681132083999999,0.21359363280000002,0.21359363280000002,,,10.0,0.3333333333333333,21.0,1.0,0.0,0.0,38.0
LR(PCA),S,BT,0.2,9.0,Out,0.4159350342,0.18565463899999998,0.1550103424,,0.9681132083999999,0.21359363280000002,0.21359363280000002,,,10.0,0.3333333333333333,21.0,1.0,0.0,0.0,38.0
LR(PCA),S,BT,0.2,10.0,In,0.421190531,0.1900176206,0.1497548454,,0.96809172,0.2138971496,0.2138971496,,,9.666666666666666,0.5,21.0,0.3333333333333333,0.0,0.0,35.6
LR(PCA),S,BT,0.2,10.0,Out,0.421190531,0.1900176206,0.1497548454,,0.96809172,0.2138971496,0.2138971496,,,9.666666666666666,0.5,21.0,0.3333333333333333,0.0,0.0,35.6
LR(PCA),S,BT,0.3,1.0,In,0.3756607676,0.1908871524,0.13136443720000002,,0.9649742232000001,0.18206682440000002,0.18206682440000002,,,8.666666666666666,0.0,16.0,0.0,0.0,0.0,41.8
LR(PCA),S,BT,0.3,1.0,Out,0.3756607676,0.1908871524,0.13136443720000002,,0.9649742232000001,0.18206682440000002,0.18206682440000002,,,8.666666666666666,0.0,16.0,0.0,0.0,0.0,41.8
LR(PCA),S,BT,0.3,2.0,In,0.3765379606,0.188251743,0.13136060659999999,,0.9648677156,0.182387994,0.182387994,,,7.666666666666666,0.0,14.0,0.0,0.0,0.0,41.4
LR(PCA),S,BT,0.3,2.0,Out,0.3765379606,0.188251743,0.13136060659999999,,0.9648677156,0.182387994,0.182387994,,,7.666666666666666,0.0,14.0,0.0,0.0,0.0,41.4
LR(PCA),S,BT,0.3,3.0,In,0.3774074926,0.175128323,0.11558262479999999,,0.9640771302,0.1847428012,0.1847428012,,,7.666666666666666,0.0,14.0,0.0,0.0,0.0,42.4
LR(PCA),S,BT,0.3,3.0,Out,0.3774074926,0.175128323,0.11558262479999999,,0.9640771302,0.1847428012,0.1847428012,,,7.666666666666666,0.0,14.0,0.0,0.0,0.0,42.4
LR(PCA),S,BT,0.3,4.0,In,0.3826629894,0.1689918024,0.11907990500000001,,0.9645257702000001,0.1858794584,0.1858794584,,,7.666666666666666,0.0,14.0,0.0,0.0,0.0,43.0
LR(PCA),S,BT,0.3,4.0,Out,0.3826629894,0.1689918024,0.11907990500000001,,0.9645257702000001,0.1858794584,0.1858794584,,,7.666666666666666,0.0,14.0,0.0,0.0,0.0,43.0
LR(PCA),S,BT,0.3,5.0,In,0.3791542172,0.17773691880000003,0.120849613,,0.9649101318,0.186324341,0.186324341,,,9.666666666666666,0.0,17.0,0.0,0.0,0.0,43.0
LR(PCA),S,BT,0.3,5.0,Out,0.3791542172,0.17773691880000003,0.120849613,,0.9649101318,0.186324341,0.186324341,,,9.666666666666666,0.0,17.0,0.0,0.0,0.0,43.0
LR(PCA),S,BT,0.3,6.0,In,0.38089711179999997,0.1794913044,0.11557496360000001,,0.9647183248000001,0.18657712480000002,0.18657712480000002,,,4.666666666666666,0.0,10.0,0.0,0.0,0.0,41.2
LR(PCA),S,BT,0.3,6.0,Out,0.38089711179999997,0.1794913044,0.11557496360000001,,0.9647183248000001,0.18657712480000002,0.18657712480000002,,,4.666666666666666,0.0,10.0,0.0,0.0,0.0,41.2
LR(PCA),S,BT+OT,0.2,1.0,In,0.33709492080000003,0.16108174400000003,0.1076878876,,0.9622607082,0.1620493184,0.1620493184,,,11.666666666666666,0.0,20.0,0.0,0.0,0.0,43.0
LR(PCA),S,BT+OT,0.2,1.0,Out,0.33709492080000003,0.16108174400000003,0.1076878876,,0.9622607082,0.1620493184,0.1620493184,,,11.666666666666666,0.0,20.0,0.0,0.0,0.0,43.0
LR(PCA),S,BT+OT,0.2,2.0,In,0.33447100300000004,0.16283996039999998,0.1103118056,,0.9620047162,0.1620716128,0.1620716128,,,9.666666666666666,0.0,18.0,0.0,0.0,0.0,43.6
LR(PCA),S,BT+OT,0.2,2.0,Out,0.33447100300000004,0.16283996039999998,0.1103118056,,0.9620047162,0.1620716128,0.1620716128,,,9.666666666666666,0.0,18.0,0.0,0.0,0.0,43.6
LR(PCA),S,BT+OT,0.2,3.0,In,0.3353596874,0.14363747799999999,0.0971998774,,0.9626247026,0.1732556088,0.1732556088,,,13.0,0.5,21.5,0.3333333333333333,1.0,2.0,37.2
LR(PCA),S,BT+OT,0.2,3.0,Out,0.3353596874,0.14363747799999999,0.0971998774,,0.9626247026,0.17325560880000002,0.17325560880000002,,,13.0,0.5,21.5,0.3333333333333333,1.0,2.0,37.2
LR(PCA),S,BT+OT,0.2,4.0,In,0.33886079820000004,0.1479966292,0.0980732398,,0.9627739999999999,0.1739486542,0.1739486542,,,13.0,0.5,21.5,0.3333333333333333,1.0,2.0,37.2
LR(PCA),S,BT+OT,0.2,4.0,Out,0.33886079820000004,0.1479966292,0.0980732398,,0.9627739999999999,0.173948654,0.173948654,,,13.0,0.5,21.5,0.3333333333333333,1.0,2.0,37.2
LR(PCA),S,BT+OT,0.2,5.0,In,0.33799509699999997,0.1445146708,0.09895809400000001,,0.962666932,0.17401048540000003,0.17401048540000003,,,11.333333333333332,0.5,20.0,0.3333333333333333,1.0,2.0,37.6
LR(PCA),S,BT+OT,0.2,5.0,Out,0.33799509699999997,0.1445146708,0.09895809400000001,,0.962666932,0.17401048560000001,0.17401048560000001,,,11.333333333333332,0.5,20.0,0.3333333333333333,1.0,2.0,37.6
LR(PCA),S,BT+OT,0.2,6.0,In,0.34062284540000004,0.14801195120000002,0.0963226844,,0.9625814456,0.17404339679999997,0.17404339679999997,,,10.0,0.0,18.5,0.0,0.0,0.0,37.4
LR(PCA),S,BT+OT,0.2,6.0,Out,0.34062284540000004,0.14801195120000002,0.0963226844,,0.9625814456,0.1740433968,0.1740433968,,,10.0,0.0,18.5,0.0,0.0,0.0,37.4
LR(PCA),S,BT+OT,0.2,7.0,In,0.3432620852,0.1584884702,0.0989734158,,0.9627740938,0.18136837160000002,0.18136837160000002,,,2.3333333333333335,0.16666666666666666,6.0,0.3333333333333333,0.0,0.0,36.8
LR(PCA),S,BT+OT,0.2,7.0,Out,0.3432620852,0.1584884702,0.0989734158,,0.9627740938,0.18136837620000001,0.18136837620000001,,,2.3333333333333335,0.16666666666666666,6.0,0.3333333333333333,0.0,0.0,36.8
LR(PCA),S,BT+OT,0.2,8.0,In,0.3739255344,0.16815674560000002,0.0998506092,,0.9649519873999999,0.19064739420000001,0.19064739420000001,,,1.6666666666666665,0.0,6.0,0.0,0.0,0.0,42.6
LR(PCA),S,BT+OT,0.2,8.0,Out,0.3739255344,0.16815674560000002,0.0998506092,,0.9649519873999999,0.19064739460000002,0.19064739460000002,,,1.6666666666666665,0.0,6.0,0.0,0.0,0.0,42.6
LR(PCA),S,BT+OT,0.2,9.0,In,0.40719374859999996,0.185677622,0.13749329660000004,,0.9673870880000001,0.20492184519999998,0.20492184519999998,,,17.0,1.1666666666666667,28.0,2.3333333333333335,4.0,3.5,39.2
LR(PCA),S,BT+OT,0.2,9.0,Out,0.40719374859999996,0.185677622,0.13749329660000004,,0.9673870880000001,0.2049218544,0.2049218544,,,17.0,1.1666666666666667,28.0,2.3333333333333335,4.0,3.5,39.2
LR(PCA),S,BT+OT,0.2,10.0,In,0.41156439139999995,0.1821535278,0.1357350798,,0.9673650392,0.20552453060000003,0.20552453060000003,,,14.0,1.0,22.0,1.3333333333333333,1.0,2.0,38.2
LR(PCA),S,BT+OT,0.2,10.0,Out,0.41156439139999995,0.1821535278,0.1357350798,,0.9673650392,0.20552460999999997,0.20552460999999997,,,14.0,1.0,22.0,1.3333333333333333,1.0,2.0,38.2
LR(PCA),S,BT+OT,0.3,1.0,In,0.3660422892,0.1611392016,0.0998391176,,0.9640347137999999,0.1648413882,0.1648413882,,,6.333333333333333,0.07142857142857142,15.5,0.3333333333333333,0.0,0.0,45.6
LR(PCA),S,BT+OT,0.3,1.0,Out,0.3660422892,0.1611392016,0.0998391176,,0.9640347137999999,0.1648413882,0.1648413882,,,6.333333333333333,0.07142857142857142,15.5,0.3333333333333333,0.0,0.0,45.6
LR(PCA),S,BT+OT,0.3,2.0,In,0.3555121428,0.1611047268,0.11825250899999999,,0.9640138796000001,0.1788494856,0.1788494856,,,9.666666666666666,0.0,18.0,0.0,0.0,0.0,44.6
LR(PCA),S,BT+OT,0.3,2.0,Out,0.3555121428,0.1611047268,0.11825250899999999,,0.9640138796000001,0.1788494856,0.1788494856,,,9.666666666666666,0.0,18.0,0.0,0.0,0.0,44.6
LR(PCA),S,BT+OT,0.3,3.0,In,0.3660307974,0.16110089619999998,0.11124645659999999,,0.9640993659999999,0.17975236320000001,0.17975236320000001,,,9.666666666666666,0.0,18.0,0.0,0.0,0.0,44.6
LR(PCA),S,BT+OT,0.3,3.0,Out,0.3660307974,0.16110089619999998,0.11124645659999999,,0.9640993659999999,0.17975236320000001,0.17975236320000001,,,9.666666666666666,0.0,18.0,0.0,0.0,0.0,44.6
LR(PCA),S,BT+OT,0.3,4.0,In,0.380050563,0.168152915,0.11557879419999999,,0.9645695876000001,0.1818772042,0.1818772042,,,8.666666666666666,0.0,16.0,0.0,0.0,0.0,41.6
LR(PCA),S,BT+OT,0.3,4.0,Out,0.380050563,0.168152915,0.11557879419999999,,0.9645695876000001,0.1818772042,0.1818772042,,,8.666666666666666,0.0,16.0,0.0,0.0,0.0,41.6
LR(PCA),S,BT+OT,0.3,5.0,In,0.37391404259999994,0.1777560716,0.11384356100000001,,0.9644406576,0.18322107919999997,0.18322107919999997,,,6.666666666666666,0.0,14.0,0.0,0.0,0.0,42.2
LR(PCA),S,BT+OT,0.3,5.0,Out,0.37391404259999994,0.1777560716,0.11384356100000001,,0.9644406576,0.18322107919999997,0.18322107919999997,,,6.666666666666666,0.0,14.0,0.0,0.0,0.0,42.2
LR(PCA),S,BT+OT,0.3,6.0,In,0.38176281320000005,0.1742511302,0.10686432239999999,,0.9646751612,0.1859455826,0.1859455826,,,5.666666666666666,0.0,13.0,0.0,0.0,0.0,40.8
LR(PCA),S,BT+OT,0.3,6.0,Out,0.38176281320000005,0.1742511302,0.10686432239999999,,0.9646751612,0.1859455826,0.1859455826,,,5.666666666666666,0.0,13.0,0.0,0.0,0.0,40.8
LR(PCA),S,BT+OT,0.3,7.0,In,0.38791082499999996,0.1751206618,0.11998774220000001,,0.9648242719999999,0.1878331762,0.1878331762,,,5.666666666666666,0.0,14.0,0.0,0.0,0.0,40.2
LR(PCA),S,BT+OT,0.3,7.0,Out,0.38791082499999996,0.1751206618,0.11998774220000001,,0.9648242719999999,0.1878331762,0.1878331762,,,5.666666666666666,0.0,14.0,0.0,0.0,0.0,40.2
LR(PCA),S,BT+OT,0.3,8.0,In,0.38702214059999995,0.17686738659999998,0.11996858960000001,,0.9647176708,0.18820207560000002,0.18820207560000002,,,2.6666666666666665,0.0,10.0,0.0,0.0,0.0,40.2
LR(PCA),S,BT+OT,0.3,8.0,Out,0.38702214059999995,0.17686738659999998,0.11996858960000001,,0.9647176708,0.18820207560000002,0.18820207560000002,,,2.6666666666666665,0.0,10.0,0.0,0.0,0.0,40.2
LR(PCA),S,BT+OT,0.3,9.0,In,0.38176664379999997,0.17950279620000004,0.11207768339999999,,0.9646959956,0.188460385,0.188460385,,,1.6666666666666665,0.0,5.0,0.0,0.0,0.0,40.4
LR(PCA),S,BT+OT,0.3,9.0,Out,0.38176664379999997,0.17950279620000004,0.11207768339999999,,0.9646959956,0.188460385,0.188460385,,,1.6666666666666665,0.0,5.0,0.0,0.0,0.0,40.4
LR(PCA),S,BT_OT,0.2,1.0,In,0.33709492080000003,0.16108174400000003,0.1076878876,,0.9622607082,0.1620493184,0.1620493184,,,11.666666666666666,0.0,20.0,0.0,0.0,0.0,43.0
LR(PCA),S,BT_OT,0.2,1.0,Out,0.33709492080000003,0.16108174400000003,0.1076878876,,0.9622607082,0.1620493184,0.1620493184,,,11.666666666666666,0.0,20.0,0.0,0.0,0.0,43.0
LR(PCA),S,BT_OT,0.2,2.0,In,0.33447100300000004,0.16283996039999998,0.1103118056,,0.9620047162,0.1620716128,0.1620716128,,,9.666666666666666,0.0,18.0,0.0,0.0,0.0,43.6
LR(PCA),S,BT_OT,0.2,2.0,Out,0.33447100300000004,0.16283996039999998,0.1103118056,,0.9620047162,0.1620716128,0.1620716128,,,9.666666666666666,0.0,18.0,0.0,0.0,0.0,43.6
LR(PCA),S,BT_OT,0.2,3.0,In,0.3353596874,0.14363747799999999,0.0971998774,,0.9626247026,0.173255609,0.173255609,,,13.0,0.5,21.5,0.3333333333333333,1.0,2.0,37.2
LR(PCA),S,BT_OT,0.2,3.0,Out,0.3353596874,0.14363747799999999,0.0971998774,,0.9626247026,0.1732556088,0.1732556088,,,13.0,0.5,21.5,0.3333333333333333,1.0,2.0,37.2
LR(PCA),S,BT_OT,0.2,4.0,In,0.33886079820000004,0.1479966292,0.0980732398,,0.9627739999999999,0.17394865399999998,0.17394865399999998,,,13.0,0.5,21.5,0.3333333333333333,1.0,2.0,37.2
LR(PCA),S,BT_OT,0.2,4.0,Out,0.33886079820000004,0.1479966292,0.0980732398,,0.9627739999999999,0.1739486542,0.1739486542,,,13.0,0.5,21.5,0.3333333333333333,1.0,2.0,37.2
LR(PCA),S,BT_OT,0.2,5.0,In,0.33799509699999997,0.1445146708,0.09895809400000001,,0.962666932,0.17401048700000002,0.17401048700000002,,,11.333333333333332,0.5,20.0,0.3333333333333333,1.0,2.0,37.6
LR(PCA),S,BT_OT,0.2,5.0,Out,0.33799509699999997,0.1445146708,0.09895809400000001,,0.962666932,0.1740104874,0.1740104874,,,11.333333333333332,0.5,20.0,0.3333333333333333,1.0,2.0,37.6
LR(PCA),S,BT_OT,0.2,6.0,In,0.34062284540000004,0.14801195120000002,0.0963226844,,0.9625814456,0.174043397,0.174043397,,,10.0,0.0,18.5,0.0,0.0,0.0,37.4
LR(PCA),S,BT_OT,0.2,6.0,Out,0.34062284540000004,0.14801195120000002,0.0963226844,,0.9625814456,0.1740433966,0.1740433966,,,10.0,0.0,18.5,0.0,0.0,0.0,37.4
LR(PCA),S,BT_OT,0.2,7.0,In,0.3432620852,0.1584884702,0.0989734158,,0.9627740938,0.18136837479999998,0.18136837479999998,,,2.3333333333333335,0.16666666666666666,6.0,0.3333333333333333,0.0,0.0,36.8
LR(PCA),S,BT_OT,0.2,7.0,Out,0.3432620852,0.1584884702,0.0989734158,,0.9627740938,0.1813683754,0.1813683754,,,2.3333333333333335,0.16666666666666666,6.0,0.3333333333333333,0.0,0.0,36.8
LR(PCA),S,BT_OT,0.2,8.0,In,0.3739255344,0.16815674560000002,0.0998506092,,0.9649519873999999,0.1906473838,0.1906473838,,,1.6666666666666665,0.0,6.0,0.0,0.0,0.0,42.6
LR(PCA),S,BT_OT,0.2,8.0,Out,0.3739255344,0.16815674560000002,0.0998506092,,0.9649519873999999,0.1906473944,0.1906473944,,,1.6666666666666665,0.0,6.0,0.0,0.0,0.0,42.6
LR(PCA),S,BT_OT,0.2,9.0,In,0.40719374859999996,0.185677622,0.13749329660000004,,0.9673870880000001,0.20492184619999998,0.20492184619999998,,,17.0,1.1666666666666667,28.0,2.3333333333333335,4.0,3.5,39.2
LR(PCA),S,BT_OT,0.2,9.0,Out,0.40719374859999996,0.185677622,0.13749329660000004,,0.9673870880000001,0.2049218418,0.2049218418,,,17.0,1.1666666666666667,28.0,2.3333333333333335,4.0,3.5,39.2
LR(PCA),S,BT_OT,0.2,10.0,In,0.41156439139999995,0.1821535278,0.1357350798,,0.9673650392,0.20552452999999998,0.20552452999999998,,,14.0,1.0,22.0,1.3333333333333333,1.0,2.0,38.2
LR(PCA),S,BT_OT,0.2,10.0,Out,0.41156439139999995,0.1821535278,0.1357350798,,0.9673650392,0.20552454940000003,0.20552454940000003,,,14.0,1.0,22.0,1.3333333333333333,1.0,2.0,38.2
LR(PCA),S,BT_OT,0.3,1.0,In,0.3660422892,0.1611392016,0.0998391176,,0.9640347137999999,0.1648413882,0.1648413882,,,6.333333333333333,0.07142857142857142,15.5,0.3333333333333333,0.0,0.0,45.6
LR(PCA),S,BT_OT,0.3,1.0,Out,0.3660422892,0.1611392016,0.0998391176,,0.9640347137999999,0.1648413882,0.1648413882,,,6.333333333333333,0.07142857142857142,15.5,0.3333333333333333,0.0,0.0,45.6
LR(PCA),S,BT_OT,0.3,2.0,In,0.3555121428,0.1611047268,0.11825250899999999,,0.9640138796000001,0.1788494856,0.1788494856,,,9.666666666666666,0.0,18.0,0.0,0.0,0.0,44.6
LR(PCA),S,BT_OT,0.3,2.0,Out,0.3555121428,0.1611047268,0.11825250899999999,,0.9640138796000001,0.1788494856,0.1788494856,,,9.666666666666666,0.0,18.0,0.0,0.0,0.0,44.6
LR(PCA),S,BT_OT,0.3,3.0,In,0.3660307974,0.16110089619999998,0.11124645659999999,,0.9640993659999999,0.17975236320000001,0.17975236320000001,,,9.666666666666666,0.0,18.0,0.0,0.0,0.0,44.6
LR(PCA),S,BT_OT,0.3,3.0,Out,0.3660307974,0.16110089619999998,0.11124645659999999,,0.9640993659999999,0.17975236320000001,0.17975236320000001,,,9.666666666666666,0.0,18.0,0.0,0.0,0.0,44.6
LR(PCA),S,BT_OT,0.3,4.0,In,0.380050563,0.168152915,0.11557879419999999,,0.9645695876000001,0.1818772042,0.1818772042,,,8.666666666666666,0.0,16.0,0.0,0.0,0.0,41.6
LR(PCA),S,BT_OT,0.3,4.0,Out,0.380050563,0.168152915,0.11557879419999999,,0.9645695876000001,0.1818772042,0.1818772042,,,8.666666666666666,0.0,16.0,0.0,0.0,0.0,41.6
LR(PCA),S,BT_OT,0.3,5.0,In,0.37391404259999994,0.1777560716,0.11384356100000001,,0.9644406576,0.18322107919999997,0.18322107919999997,,,6.666666666666666,0.0,14.0,0.0,0.0,0.0,42.2
LR(PCA),S,BT_OT,0.3,5.0,Out,0.37391404259999994,0.1777560716,0.11384356100000001,,0.9644406576,0.18322107919999997,0.18322107919999997,,,6.666666666666666,0.0,14.0,0.0,0.0,0.0,42.2
LR(PCA),S,BT_OT,0.3,6.0,In,0.38176281320000005,0.1742511302,0.10686432239999999,,0.9646751612,0.1859455826,0.1859455826,,,5.666666666666666,0.0,13.0,0.0,0.0,0.0,40.8
LR(PCA),S,BT_OT,0.3,6.0,Out,0.38176281320000005,0.1742511302,0.10686432239999999,,0.9646751612,0.1859455826,0.1859455826,,,5.666666666666666,0.0,13.0,0.0,0.0,0.0,40.8
LR(PCA),S,BT_OT,0.3,7.0,In,0.38791082499999996,0.1751206618,0.11998774220000001,,0.9648242719999999,0.1878331762,0.1878331762,,,5.666666666666666,0.0,14.0,0.0,0.0,0.0,40.2
LR(PCA),S,BT_OT,0.3,7.0,Out,0.38791082499999996,0.1751206618,0.11998774220000001,,0.9648242719999999,0.1878331762,0.1878331762,,,5.666666666666666,0.0,14.0,0.0,0.0,0.0,40.2
LR(PCA),S,BT_OT,0.3,8.0,In,0.38702214059999995,0.17686738659999998,0.11996858960000001,,0.9647176708,0.18820207560000002,0.18820207560000002,,,2.6666666666666665,0.0,10.0,0.0,0.0,0.0,40.2
LR(PCA),S,BT_OT,0.3,8.0,Out,0.38702214059999995,0.17686738659999998,0.11996858960000001,,0.9647176708,0.18820207560000002,0.18820207560000002,,,2.6666666666666665,0.0,10.0,0.0,0.0,0.0,40.2
LR(PCA),S,BT_OT,0.3,9.0,In,0.38176664379999997,0.17950279620000004,0.11207768339999999,,0.9646959956,0.188460385,0.188460385,,,1.6666666666666665,0.0,5.0,0.0,0.0,0.0,40.4
LR(PCA),S,BT_OT,0.3,9.0,Out,0.38176664379999997,0.17950279620000004,0.11207768339999999,,0.9646959956,0.188460385,0.188460385,,,1.6666666666666665,0.0,5.0,0.0,0.0,0.0,40.4
LR(PCA),S,OT,0.2,1.0,In,0.2828123802,0.1505554278,0.09371408880000001,,0.9600832816,0.14881419219999997,0.14881419219999997,,,11.666666666666666,0.0,20.0,0.0,0.0,0.0,41.0
LR(PCA),S,OT,0.2,1.0,Out,0.2828123802,0.1505554278,0.09371408880000001,,0.9600832816,0.14881419219999997,0.14881419219999997,,,11.666666666666666,0.0,20.0,0.0,0.0,0.0,41.0
LR(PCA),S,OT,0.2,2.0,In,0.28631349120000005,0.1566919484,0.1024630352,,0.9599339837999998,0.14897196899999998,0.14897196899999998,,,11.666666666666666,0.0,20.0,0.0,0.0,0.0,42.4
LR(PCA),S,OT,0.2,2.0,Out,0.28631349120000005,0.1566919484,0.1024630352,,0.9599339837999998,0.14897196899999998,0.14897196899999998,,,11.666666666666666,0.0,20.0,0.0,0.0,0.0,42.4
LR(PCA),S,OT,0.2,3.0,In,0.27142419360000003,0.14620393780000002,0.095456983,,0.9598059882000001,0.1525934634,0.1525934634,,,6.666666666666666,0.0,15.0,0.0,0.0,0.0,40.8
LR(PCA),S,OT,0.2,3.0,Out,0.27142419360000003,0.14620393780000002,0.095456983,,0.9598059882000001,0.1525934634,0.1525934634,,,6.666666666666666,0.0,15.0,0.0,0.0,0.0,40.8
LR(PCA),S,OT,0.2,4.0,In,0.2793036084,0.1409446104,0.10334788940000002,,0.959933797,0.15276202020000001,0.15276202020000001,,,6.666666666666666,0.0,15.0,0.0,0.0,0.0,41.2
LR(PCA),S,OT,0.2,4.0,Out,0.2793036084,0.1409446104,0.10334788940000002,,0.959933797,0.15276202020000001,0.15276202020000001,,,6.666666666666666,0.0,15.0,0.0,0.0,0.0,41.2
LR(PCA),S,OT,0.2,5.0,In,0.2731785796,0.13481575120000003,0.09983528679999999,,0.9599338906,0.15295980539999998,0.15295980539999998,,,6.666666666666666,0.0,15.0,0.0,0.0,0.0,44.0
LR(PCA),S,OT,0.2,5.0,Out,0.2731785796,0.13481575120000003,0.09983528679999999,,0.9599338906,0.15295980539999998,0.15295980539999998,,,6.666666666666666,0.0,15.0,0.0,0.0,0.0,44.0
LR(PCA),S,OT,0.2,6.0,In,0.2740404504,0.1348042598,0.1024668658,,0.9597842192,0.1530194388,0.1530194388,,,7.666666666666666,0.0,16.0,0.0,0.0,0.0,43.0
LR(PCA),S,OT,0.2,6.0,Out,0.2740404504,0.1348042598,0.1024668658,,0.9597842192,0.1530194388,0.1530194388,,,7.666666666666666,0.0,16.0,0.0,0.0,0.0,43.0
LR(PCA),S,OT,0.2,7.0,In,0.28107714699999997,0.1400942312,0.09022063899999999,,0.9592931632000001,0.1563585008,0.1563585008,,,3.0,0.16666666666666666,7.0,0.3333333333333333,0.0,0.0,37.4
LR(PCA),S,OT,0.2,7.0,Out,0.28107714699999997,0.1400942312,0.09022063899999999,,0.9592931632000001,0.1563585008,0.1563585008,,,3.0,0.16666666666666666,7.0,0.3333333333333333,0.0,0.0,37.4
LR(PCA),S,OT,0.2,8.0,In,0.289837585,0.1532406344,0.0805715162,,0.9594008854,0.1600879444,0.1600879444,,,1.6666666666666665,0.0,6.0,0.0,0.0,0.0,40.2
LR(PCA),S,OT,0.2,8.0,Out,0.289837585,0.1532406344,0.0805715162,,0.9594008854,0.1600879444,0.1600879444,,,1.6666666666666665,0.0,6.0,0.0,0.0,0.0,40.2
LR(PCA),S,OT,0.2,9.0,In,0.2950854208,0.1593426798,0.08930131000000001,,0.9596778050000001,0.160518536,0.160518536,,,1.6666666666666665,0.0,5.0,0.0,0.0,0.0,39.2
LR(PCA),S,OT,0.2,9.0,Out,0.2950854208,0.1593426798,0.08930131000000001,,0.9596778050000001,0.160518536,0.160518536,,,1.6666666666666665,0.0,5.0,0.0,0.0,0.0,39.2
LR(PCA),S,OT,0.2,10.0,In,0.2968512986,0.16811077919999998,0.09019382540000001,,0.9596779917999999,0.16076556579999998,0.16076556579999998,,,1.6666666666666665,0.0,5.0,0.0,0.0,0.0,39.4
LR(PCA),S,OT,0.2,10.0,Out,0.2968512986,0.16811077919999998,0.09019382540000001,,0.9596779917999999,0.16076556579999998,0.16076556579999998,,,1.6666666666666665,0.0,5.0,0.0,0.0,0.0,39.4
LR(PCA),S,OT,0.3,1.0,In,0.25570750000000003,0.1497625066,0.0936834444,,0.9591660080000001,0.1290046936,0.1290046936,,,4.666666666666666,0.0,13.0,0.0,0.0,0.0,46.0
LR(PCA),S,OT,0.3,1.0,Out,0.25570750000000003,0.1497625066,0.0936834444,,0.9591660080000001,0.1290046936,0.1290046936,,,4.666666666666666,0.0,13.0,0.0,0.0,0.0,46.0
LR(PCA),S,OT,0.3,2.0,In,0.2574772084,0.14712326660000002,0.08492300620000001,,0.9581632482,0.1325961248,0.1325961248,,,11.0,0.0,19.5,0.0,0.0,0.0,47.4
LR(PCA),S,OT,0.3,2.0,Out,0.2574772084,0.14712326660000002,0.08492300620000001,,0.9581632482,0.1325961248,0.1325961248,,,11.0,0.0,19.5,0.0,0.0,0.0,47.4
LR(PCA),S,OT,0.3,3.0,In,0.263602237,0.15676855879999999,0.0971922162,,0.9585687246000001,0.134841155,0.134841155,,,13.333333333333332,0.15384615384615385,22.0,0.6666666666666666,1.0,8.0,44.8
LR(PCA),S,OT,0.3,3.0,Out,0.263602237,0.15676855879999999,0.0971922162,,0.9585687246000001,0.134841155,0.134841155,,,13.333333333333332,0.15384615384615385,22.0,0.6666666666666666,1.0,8.0,44.8
